Adair County,Alfalfa County,Atoka County,Beaver County,Beckham County,Blaine County,Bryan County,Caddo County,Canadian County,Carter County,Cherokee County,Choctaw County,Cimarron County,Cleveland County,Coal County,Comanche County,Cotton County,Craig County,Creek County,Custer County,Delaware County,Dewey County,Ellis County,Garfield County,Garvin County,Grady County,Grant County,Greer County,Harmon County,Harper County,Haskell County,Hughes County,Jackson County,Jefferson County,Johnston County,Kay County,Kingfisher County,Kiowa County,Latimer County,Le Flore County,Lincoln County,Logan County,Love County,Major County,Marshall County,Mayes County,McClain County,McCurtain County,McIntosh County,Murray County,Muskogee County,Noble County,Nowata County,Okfuskee County,Oklahoma County,Okmulgee County,Osage County,Ottawa County,Pawnee County,Payne County,Pittsburg County,Pontotoc County,Pottawatomie County,Pushmataha County,Roger Mills County,Rogers County,Seminole County,Sequoyah County,Stephens County,Texas County,Tillman County,Tulsa County,Wagoner County,Washington County,Washita County,Woods County,Woodward County
,,,0.005857740585774059,,,,,,,,,0.9317991631799163,,,,,,,,,,,,,,0.0,,,,,,,,,,,,0.0,0.0,,,,,,,,,0.0,,,,,0.0,,,,,,,,,,,,,,,,0.06234309623430962,0.0,,,,,,
,,,0.017573221757322177,,,,,0.011715481171548118,0.005857740585774059,,,0.8882845188284518,,,,,,,,,0.005857740585774059,,,,0.005857740585774059,0.0,,,0.005857740585774059,,,,,,,,,0.0,0.0,,,,,,,,,0.0,,,,,0.0,,,,,,,,,,,,,,,,0.05313807531380753,0.0,,,,,,0.005857740585774059
,,,,,,,,0.019246861924686193,0.01297071129707113,,,0.8192468619246862,0.01297071129707113,,,,,,,,0.006276150627615063,,,,,0.0,,,,,,,,,,,,0.0,0.0,,,,,,,,,0.0,,,,,0.0,0.019246861924686193,,,,,0.006276150627615063,,,,,,,,,,0.10376569037656903,0.0,,,,,,
,,,,,,,,0.005439330543933054,0.011297071129707114,,,0.7313807531380753,0.04602510460251046,,,,,,,,0.005439330543933054,,,,0.011297071129707114,0.0,,,,,,,,,,,,0.0,0.0,,,,,,,,,0.0,,,,,0.0,0.005439330543933054,,,,,0.02301255230125523,,,,,,,,,,0.1493723849372385,0.0,,,,,,0.011297071129707114
,,,,,,,,,0.006276150627615063,,,0.7476987447698745,0.07112970711297072,,,,,,,,,,0.006276150627615063,,,0.0,,,,,,,,,,,,0.0,0.0,,,,,,,,,0.0,,,,,0.0,,,,,,0.02594142259414226,,,,,,,,,,0.12343096234309624,0.0,,,,,,0.019246861924686193
,,,,,,,,,0.005439330543933054,,,0.8439330543933055,,,,,,,,,,,,,,0.0,,,,,,,,,,,,0.0,0.0,,,,,,,,,0.0,,,,,0.0,0.011297071129707114,,,,,,,,,,,,,,,0.11631799163179916,0.0,,,,,,0.02301255230125523
,,,0.005857740585774059,,,,,,0.005857740585774059,,,0.8799163179916318,,,,,,,,,,,0.005857740585774059,,,0.0,,,,,,,,,,,,0.0,0.0,,,,,,,,,0.0,,,,,0.0,,,,,,,,,,,,,,,,0.10251046025104603,0.0,,,,,,
,,,0.006276150627615063,,,,,,0.006276150627615063,,,0.7548117154811715,,,,,,,,,,,0.026359832635983262,,,0.0,,,,,,,,,,,,0.0,0.0,,,,,,,,,0.0,,,,,0.0,0.01297071129707113,,,,,,,,,,,,,,,0.1803347280334728,0.0,,,,,,0.01297071129707113
,,,,0.032635983263598324,,,,,0.006276150627615063,,,0.6815899581589958,,,,,,,,,0.01297071129707113,,0.03891213389121339,,,0.0,,,,,,,,,,,,0.0,0.0,,0.006276150627615063,,,,,,,0.0,,,,,0.0,0.032635983263598324,,,,,,,,,,0.019246861924686193,,,,,0.13723849372384936,0.0,,,,,0.01297071129707113,0.019246861924686193
,,,0.005857740585774059,0.05313807531380753,,,,0.011715481171548118,,,,0.6640167364016736,0.011715481171548118,,,,,,,,0.023430962343096235,,0.07698744769874477,,,0.0,,,0.005857740585774059,,,,,,,,,0.0,0.0,,0.005857740585774059,,,,,,,0.0,,,,,0.0,0.005857740585774059,,,,,,,,,,0.017573221757322177,,,,,0.06485355648535565,0.0,,,,,,0.05313807531380753
,,,0.01297071129707113,0.026359832635983262,,,,0.026359832635983262,,,,0.4882845188284519,,,,,,,,,0.032635983263598324,,0.032635983263598324,,0.006276150627615063,0.0,,,,,,,,,,,,0.0,0.0,,0.006276150627615063,,0.006276150627615063,,,0.006276150627615063,,0.0,,,,,0.0,,,,,,,,,,,0.026359832635983262,,,,,0.19748953974895397,0.0,,,,,,0.13179916317991633
,,,,0.0066945606694560665,,,,0.013807531380753139,,,,0.797907949790795,,,,,,,,,,,,,,0.0,,,,,,,,,,,,0.0,0.0,,0.0066945606694560665,,,,,,,0.0,,,,,0.0,0.02092050209205021,,,,,,,,,,,,,,,0.1192468619246862,0.0,0.0066945606694560665,,,,,0.02803347280334728
,,,,0.007112970711297071,,,,0.007112970711297071,,,,0.8108786610878661,,,,,,0.014644351464435146,,,,,,,,0.0,,,,,,,,,,,,0.0,0.0,,0.007112970711297071,,,,,,,0.0,,,0.014644351464435146,,0.0,0.036401673640167366,,,,,,,,,,,,,,,0.07322175732217573,0.0,0.021757322175732216,0.007112970711297071,,,,
,,,,,,,,,,,,0.8384937238493724,,,,,,,,,,,,,,0.0,,,,,,,,,,,,0.0,0.0,,,,0.0066945606694560665,,,,,0.0,,,,,0.0,,,,,,,,,0.013807531380753139,,,,,,,0.13430962343096234,0.0,,,,,,0.0066945606694560665
,,,,,,,,,,,,0.8439330543933055,,,,,,,,,,,,,,0.0,,,0.0066945606694560665,,,,,,,,,0.0,0.0,,,,,,,,,0.0,,,,,0.0,,,,,,,,,0.013389121338912133,,,,0.013389121338912133,,,0.12259414225941423,0.0,,,,,,
,,,,,,,,0.024686192468619247,,,,0.7330543933054393,,,,,,,,,,,,,,0.0,,,0.005857740585774059,,,,,,,,,0.0,0.0,,,,,,,,,0.0,,,,,0.0,0.024686192468619247,,,,,,,,0.018410041841004185,,,,,,,0.15606694560669457,0.0,,,,,,0.037238493723849374
,,,0.01297071129707113,,,,,,,,,0.7799163179916317,,,,,,,0.03891213389121339,,0.006276150627615063,,,,,0.0,,,,,,,,,,,,0.0,0.0,,,,,,,,,0.0,,,,,0.0,0.03891213389121339,,,,,,,,,,,,,,,0.10376569037656903,0.0,,,,0.006276150627615063,,0.01297071129707113
,,,0.006276150627615063,0.03933054393305439,,,,,,,,0.7255230125523013,,,,,,,0.019665271966527197,,0.006276150627615063,,,,,0.0,,,,,,,,,,,,0.0,0.0,,0.01297071129707113,,,,,,,0.0,,,,,0.0,0.01297071129707113,,,,,0.05899581589958159,,,,,,,,,,0.11171548117154811,0.0,,,,0.006276150627615063,,
,,,,,,,,0.006276150627615063,,,,0.7552301255230126,,,,,,,,,0.006276150627615063,,,,,0.0,,,,,,,,,,,,0.0,0.0,,,,,,,,,0.0,,,,,0.0,0.006276150627615063,,,,,0.043933054393305436,,,,,,,,,,0.16317991631799164,0.0,,,,0.006276150627615063,,0.012552301255230125
,,,0.006276150627615063,,,,,0.006276150627615063,,,,0.8497907949790795,,,,,,,,,,,,,,0.0,,,,,,,,,,,,0.0,0.0,,0.01297071129707113,,,,,,,0.0,,,,,0.0,0.026359832635983262,,,,,,,,,,,,,,,0.09205020920502092,0.0,,,,,,0.006276150627615063
,,,,,,,,,,,,0.8623430962343096,,,,0.005857740585774059,,,,,,,,,,0.0,,,,,,,,,,,,0.0,0.0,,0.005857740585774059,,,,,,,0.0,,,,,0.0,0.01799163179916318,,,,,,,,,,,,,,,0.10794979079497909,0.0,,,,,,
,,,0.01882845188284519,,,,,,,,,0.7719665271966527,,,,,,,0.006276150627615063,,,,,,,0.0,,,0.006276150627615063,,,,,,,,,0.0,0.0,,,,,,,,,0.0,,,,,0.0,0.01882845188284519,,,,,,,,,,,,,,,0.16527196652719664,0.0,,,,,,0.012552301255230125
,,,0.013389121338912133,,,,,,,,,0.7715481171548118,,,,,,,0.0066945606694560665,,,0.013389121338912133,,,,0.0,,,,,,,,,,,,0.0,0.0,,,,,,,,,0.0,,,,,0.0,,,,,,,,,,,,,,,,0.1682008368200837,0.0,,,,,,0.026778242677824266
,,,0.006276150627615063,,,,,,,,,0.7112970711297071,,,,,,,0.012552301255230125,,0.006276150627615063,0.01882845188284519,,,,0.0,,,,,,,,,,,,0.0,0.0,,0.006276150627615063,,,,,,,0.0,,,,,0.0,,,,,,0.02510460251046025,,,,,,,,,,0.15690376569037656,0.0,,,,,,0.056485355648535567
,,,0.007112970711297071,0.007112970711297071,,,,,,,,0.7255230125523012,,,,,,,0.007112970711297071,,0.014644351464435146,0.022175732217573223,,,,0.0,,,,,,,,,,,,0.0,0.0,,0.007112970711297071,,,,,,,0.0,,,,,0.0,,,,,,,,,,,,,,,,0.15690376569037656,0.0,,,,,,0.05230125523012552
,,,,,,,,,,,,0.9443514644351464,,,,,,,,,,,,,,0.0,,,,,,,,,,,,0.0,0.0,,0.0066945606694560665,,,,,,,0.0,,,,,0.0,,,,,,,,,,,,,,,,0.04895397489539749,0.0,,,,,,
,,,0.012552301255230125,,,,,,0.006276150627615063,,,0.9242677824267782,,,,,,,,,,,,,,0.0,,,,,,,,,,,,0.0,0.0,,,,,,,,,0.0,,,,,0.0,,,,,,,,,,,,,,,,0.05690376569037657,0.0,,,,,,
,,,0.013807531380753139,,,,,,0.0066945606694560665,,,0.9104602510460251,,,,,,,,,,,,,,0.0,,,,,,,,,,,,0.0,0.0,,0.013807531380753139,,,,,,,0.0,,,,,0.0,,,,,,,,,,,,,,,,0.048535564853556486,0.0,,,,,,0.0066945606694560665
,,,,,0.006276150627615063,,,0.019665271966527197,,,,0.7824267782426778,,,0.006276150627615063,,,,,,0.006276150627615063,,,,,0.0,,,,,,,,,,,,0.0,0.0,,0.006276150627615063,,,,,,,0.0,,,,,0.0,0.026359832635983262,,,,,,,,,,,,,,,0.1401673640167364,0.0,,,,,,0.006276150627615063
,,,,,,,,,,,,0.8945606694560669,,,,,,,,,,,,,,0.0,,,,,,,,,,,,0.0,0.0,,,,,,,,,0.0,,,,,0.0,0.013807531380753139,,,,,,,,,,,,,,,0.08493723849372385,0.0,,,,,,0.0066945606694560665
,,,,,,,,,0.006276150627615063,,,0.8468619246861925,,,,,,,,,,,,,,0.0,,,,,,,,,,,,0.0,0.0,,,,,,,,,0.0,,,,,0.0,0.025523012552301255,,,,,,,,,,,,,,,0.1087866108786611,0.0,0.006276150627615063,,,,,0.006276150627615063
,,,,,,,,,,,,0.7640167364016737,,,,,,,0.00502092050209205,,,,0.0100418410041841,,,0.0,,,0.00502092050209205,,,,,,,,,0.0,0.0,,0.00502092050209205,,,,,,,0.0,,,,,0.0,0.020502092050209204,,,,,,,,,,,,,,,0.14435146443514643,0.0,0.00502092050209205,,,,,0.04100418410041841
,,,,,0.00502092050209205,,,0.00502092050209205,,0.00502092050209205,,0.7807531380753139,,,,,,,,,,,0.025523012552301255,,,0.0,,,,,,,,,,,,0.0,0.0,,,,,,,,,0.0,,,,,0.0,0.025523012552301255,,,,,,,,,,,,,,,0.10753138075313808,0.0,0.01506276150627615,0.00502092050209205,,,,0.025523012552301255
,,,0.004602510460251046,,,,,,,0.004602510460251046,,0.8238493723849373,,,,,,,,,,,0.014225941422594143,,,0.0,,,0.004602510460251046,,,,,,,,,0.0,0.0,,,,,,,,,0.0,,,0.004602510460251046,,0.0,0.014225941422594143,,,,,,,,,,,,,,,0.11506276150627615,0.0,,,,,,0.014225941422594143
,,,0.024267782426778243,,,,,,,0.004602510460251046,,0.8054393305439331,,,,,,,,,,,0.024267782426778243,,,0.0,,,0.004602510460251046,,,,,,,,,0.0,0.0,,,,,,,,,0.0,,,,,0.0,,,,,,,,,,,,,,,,0.11255230125523012,0.0,,,,,,0.024267782426778243
,,,,,,,,,,0.005439330543933054,,0.8280334728033473,,,,,,,,,,,0.02887029288702929,,,0.0,,,,,,,,,,,,0.0,0.0,,,,,,,,,0.0,,,,,0.0,,,,,,,,,,,,,,,,0.1096234309623431,0.0,0.005439330543933054,0.005439330543933054,,,,0.01715481171548117
,,,,,,,,,,,,0.81255230125523,,,,,,,,,,,0.01799163179916318,,,0.0,,,0.012133891213389121,,,,,,,,,0.0,0.0,,,,,,,,,0.0,,,,,0.0,0.012133891213389121,,,,,,,,,,,,,,,0.12133891213389121,0.0,0.005857740585774059,,,,,0.01799163179916318
0.005439330543933054,,,,,,,,,,,,0.8531380753138076,,,,,,,0.010878661087866108,,0.005439330543933054,,,,,0.0,,,0.005439330543933054,,,,,,,,,0.0,0.0,,,,,,,,,0.0,,,,,0.0,0.005439330543933054,,,,,0.005439330543933054,,,,,,,,,,0.07615062761506276,0.0,0.010878661087866108,,,0.005439330543933054,,0.016317991631799162
0.004602510460251046,,,,,0.009623430962343096,,,,,0.004602510460251046,,0.794142259414226,,,,,,,,0.004602510460251046,0.004602510460251046,,,,,0.0,,,0.004602510460251046,,,,,,,,,0.0,0.0,,,,,,,,,0.0,,,,,0.0,0.004602510460251046,,,,,,,,,,,0.004602510460251046,,,,0.13472803347280335,0.0,,,,0.004602510460251046,,0.024686192468619247
0.004602510460251046,,,,,0.014644351464435146,,,,,,,0.8740585774058578,,,,,,,,,,,,,,0.0,,,0.009623430962343096,,,,,,,,,0.0,0.0,,,,0.004602510460251046,,,,,0.0,,,,,0.0,0.004602510460251046,,,,,,,,,,,0.004602510460251046,,,,0.05899581589958159,0.0,,,,0.004602510460251046,,0.019665271966527197
0.0041841004184100415,,,0.0041841004184100415,,,,,,,,,0.7707112970711297,,,,0.0041841004184100415,,,,,,,,,0.0041841004184100415,0.0,,,0.01799163179916318,,,,,,,,,0.0,0.0,,,,,,,0.0041841004184100415,,0.0,,,,,0.0,0.008786610878661089,,,,,0.01799163179916318,,,,,,,,,,0.11841004184100419,0.0,0.0041841004184100415,,,,,0.04100418410041841
,,,0.00502092050209205,,0.0100418410041841,,,,,,,0.8150627615062762,,,,,,,,,,,,,,0.0,,,0.0100418410041841,,,,,,,,,0.0,0.0,,,,,,,,,0.0,,,,,0.0,0.00502092050209205,,,,,0.0100418410041841,,,,,,,,,,0.11380753138075314,0.0,,,,,,0.03096234309623431
,,,0.011297071129707114,,,,,,,,,0.7841004184100419,,,,,,,,,,,,,,0.0,,,0.011297071129707114,,,,,,0.005439330543933054,,,0.0,0.0,,,,,,,,,0.0,,0.011297071129707114,,,0.0,0.005439330543933054,,,,,0.01715481171548117,,,,,,,,,,0.14267782426778242,0.0,,,,,,0.011297071129707114
,,,,,0.00502092050209205,,,,,,,0.798326359832636,,,,,,,,,0.00502092050209205,,,,,0.0,,,0.00502092050209205,,,,,,0.010460251046025104,,,0.0,0.0,,,,,,,,,0.0,,,,,0.0,0.010460251046025104,,,,,0.026778242677824266,,,,,,,,,,0.12301255230125523,0.0,,,,,,0.015899581589958158
0.00502092050209205,,,0.00502092050209205,,,,,0.00502092050209205,,,,0.8242677824267782,,,,,,,,0.00502092050209205,0.00502092050209205,,,,,0.0,,,0.00502092050209205,,,,,,,,,0.0,0.0,,,,,,,,,0.0,,,,,0.0,,,,,,0.00502092050209205,,,,,,,,,,0.1301255230125523,0.0,,,,,,0.010460251046025104
0.00502092050209205,,,,,,,,0.010460251046025104,,,,0.8242677824267782,,,,,,,,0.00502092050209205,0.00502092050209205,,,,,0.0,,,0.010460251046025104,,,,,,,,,0.0,0.0,,,,,,,,,0.0,,,,,0.0,0.05355648535564853,,,,,,,,,,,,,,,0.08619246861924686,0.0,,,,,,
0.00502092050209205,,,,,0.020502092050209204,,,0.025523012552301255,,0.00502092050209205,,0.7092050209205021,,,,,,,,0.00502092050209205,0.0100418410041841,,,,,0.0,,,0.00502092050209205,,,,,,,,0.0100418410041841,0.0,0.0,,,,,,,,,0.0,,,,,0.0,0.00502092050209205,,,,,,,,,,,,,,,0.16903765690376568,0.0,,,,0.00502092050209205,,0.025523012552301255
0.005439330543933054,,,,,0.005439330543933054,,,0.005439330543933054,,,,0.8112970711297071,,,,,,,,,0.005439330543933054,,0.005439330543933054,,,0.0,,,,,,,,,,,,0.0,0.0,,,,,,,,,0.0,,,,,0.0,0.005439330543933054,,,,,,,,,,,,,,,0.15606694560669457,0.0,,,,,,
,,,,,0.005857740585774059,,,,,,,0.8548117154811715,0.005857740585774059,,,,,,,,,,,,,0.0,,,,,,,,,,,,0.0,0.0,,,,,,,,,0.0,,,,,0.0,0.01799163179916318,,,,,,,,,,,,,,,0.11548117154811716,0.0,,,,,,
,,,0.00502092050209205,,0.00502092050209205,,,,,,,0.8606694560669457,,,,,,,0.00502092050209205,,,,,,,0.0,,,0.00502092050209205,,,,,,,,,0.0,0.0,,,,,,,,,0.0,,,,,0.0,0.00502092050209205,,,,,,,,,,,,,,,0.09874476987447699,0.0,,,,,,0.015481171548117154
,,,0.11422594142259414,,0.014225941422594143,,,,,,,0.7150627615062761,,,,,,,0.004602510460251046,,,,,,0.004602510460251046,0.0,,,,,,,,,,,,0.0,0.0,,,,,,,,,0.0,,,,,0.0,,,,,,,,,,,,,,,,0.13807531380753138,0.0,,,,,,0.009205020920502092
,,,0.010878661087866108,,0.016317991631799162,,,,,,,0.6020920502092051,,,,,,,0.005439330543933054,,0.005439330543933054,0.055230125523012555,,,,0.0,,,,,,,,,,,,0.0,0.0,,,,,,,,,0.0,,,,,0.0,0.03305439330543933,,,,,,,,,,,,,,,0.1774058577405858,0.0,,,,,,0.09414225941422594
,,,0.00502092050209205,,,,,,,,,0.39456066945606694,,,,,,,0.00502092050209205,,,0.10292887029288703,,,,0.0,,,,,,,,,,,,0.0,0.0,,,,,,,,,0.0,,,,,0.0,0.05397489539748954,,,,,0.00502092050209205,,,,,,,,,,0.2384937238493724,0.0,,,,,,0.19497907949790794
,,,,,,,,,,,,0.697907949790795,,,,,,,,,,,,,,0.0,,,,,,,,,,,,0.0,0.0,,,,,,,,,0.0,,,,,0.0,0.05104602510460251,,,,,0.00502092050209205,,,,,,,,,,0.08200836820083682,0.0,,,,,,0.16401673640167364
,,,0.0100418410041841,,0.00502092050209205,,,,,,,0.6635983263598326,,,,,,,,,,,,,,0.0,,,,,,,,,,,,0.0,0.0,,,,,,,,,0.0,,,,,0.0,0.0100418410041841,,,,,0.00502092050209205,,,,,,,,,,0.100418410041841,0.0,,,,,,0.20585774058577405
,,,,,,,,,,,,0.8276150627615062,,,,,,,,,,,,,,0.0,,,0.00502092050209205,,,,,,,,,0.0,0.0,,,,,,,,,0.0,,,,,0.0,,,,,,0.0100418410041841,,,,,,,,,,0.07615062761506276,0.0,,,,,,0.08117154811715481
,,,,0.00502092050209205,,,0.00502092050209205,,,,,0.7523012552301255,,,,,,,,,,,,,,0.0,,,,,,,,0.00502092050209205,,,,0.0,0.0,,,,,,,,,0.0,,,,,0.0,0.0301255230125523,,,,0.00502092050209205,0.00502092050209205,,,,,,0.0100418410041841,,,,0.09121338912133892,0.0,,,,,,0.09121338912133892
,,,0.00502092050209205,,,,,,,,,0.7531380753138075,,,,,,,,,0.00502092050209205,,,,,0.0,,,,,,,,0.00502092050209205,,,,0.0,0.0,,,,,,0.00502092050209205,,,0.0,,,,,0.0,,,,,,,,0.010460251046025104,,,,0.00502092050209205,,,,0.09748953974895397,0.0,,,,,,0.11380753138075314
,,,0.005439330543933054,,0.005439330543933054,,,,,,,0.7171548117154811,0.011297071129707114,,,,,,,,0.005439330543933054,,,,,0.0,,,,,,,,0.005439330543933054,,,,0.0,0.0,,,,,,,,,0.0,,,,,0.0,,,,,,,,,,,,0.005439330543933054,,,,0.11631799163179916,0.0,,,,,,0.1280334728033473
,,,,,0.005439330543933054,,,,,,,0.6410041841004184,0.011297071129707114,0.005439330543933054,,,,,,,0.005439330543933054,,,,,0.0,,,,,,,,0.005439330543933054,,,,0.0,0.0,,,,,,,,,0.0,,,,,0.0,0.05146443514644351,0.005439330543933054,,,,,,,,,,0.005439330543933054,,,0.005439330543933054,0.10920502092050209,0.0,0.011297071129707114,,,,0.005439330543933054,0.1322175732217573
,,,,,,,,0.004602510460251046,,,,0.7744769874476988,0.009205020920502092,,,,,,,,,,0.004602510460251046,,,0.0,,,,,,0.004602510460251046,,0.004602510460251046,,,,0.0,0.0,,,,,,,,,0.0,0.004602510460251046,,,,0.0,0.009205020920502092,,,,0.004602510460251046,,,,,,,,,,0.004602510460251046,0.14225941422594143,0.0,0.004602510460251046,,,,0.009205020920502092,0.01882845188284519
,,,0.00502092050209205,,0.00502092050209205,,,,,,,0.8430962343096234,,,,,,,,,,,,,,0.0,,,,,,,,,,,,0.0,0.0,,,,,,,,,0.0,,,,,0.0,,,,,,,,,,,,,,,,0.13682008368200838,0.0,,,,,0.00502092050209205,0.00502092050209205
,,,,,0.005439330543933054,,,,,,,0.8121338912133891,,,,,,,,,,,,,,0.0,,,,,,,,,,0.005439330543933054,,0.0,0.0,,,,,,,,,0.0,,,,,0.0,,,,,,,,,,,,,,,0.005439330543933054,0.1606694560669456,0.0,,,0.005439330543933054,,,0.005439330543933054
,,,0.00502092050209205,,0.026778242677824266,,,,,,,0.7489539748953975,,,,,,,,,,,,,,0.0,,,,,,,,,,,,0.0,0.0,,,,,,,,,0.0,,,,,0.0,0.026778242677824266,,,,,0.04309623430962343,,,,,0.00502092050209205,,,,0.00502092050209205,0.10753138075313808,0.0,,,0.00502092050209205,,,0.026778242677824266
0.00502092050209205,,,,,,,,0.1786610878661088,,,,0.45439330543933054,0.00502092050209205,,,,,,,,,,,,0.00502092050209205,0.0,,,,,,,,,,,,0.0,0.0,,,,,,,,,0.0,,,,,0.0,0.14644351464435146,,,,,0.06485355648535565,,,,,,,,,,0.13556485355648534,0.0,,,,,,0.00502092050209205
0.005439330543933054,,,0.005439330543933054,,0.005439330543933054,,,0.027196652719665274,,,,0.5054393305439331,0.027196652719665274,,,,,,0.010878661087866108,0.005439330543933054,,,,,0.016317991631799162,0.0,,,,,,,,,,,,0.0,0.0,,,,,,,,,0.0,,,,,0.0,0.24267782426778242,,,,,,,,,,,,,,,0.12677824267782425,0.0,,,,,,0.021757322175732216
0.010878661087866108,,,,,,,,0.038493723849372385,,,,0.6761506276150628,0.010878661087866108,,,,,,0.010878661087866108,0.005439330543933054,0.005439330543933054,,,,,0.0,,,,,,,,,,,,0.0,0.0,,,,,,,,,0.0,,,,,0.0,0.08242677824267783,,,,,0.005439330543933054,,,,,,,,,,0.12677824267782425,0.0,,,,,,0.027196652719665274
0.0100418410041841,,,,,,,,,,,,0.8209205020920503,,,,,,,0.020502092050209204,,0.00502092050209205,,,,,0.0,,,,,,,,,,,,0.0,0.0,,,,,,,,,0.0,,,,,0.0,,,,,,0.0100418410041841,,,,,,,,,,0.11841004184100419,0.0,0.00502092050209205,,,0.0100418410041841,,
,,,0.00502092050209205,,,,,,,,,0.8740585774058578,,,,,,,,,,,,,,0.0,,,,,,,,,,,,0.0,0.0,,,,,,,,,0.0,,,,,0.0,,,,,,,,,,,,,,,,0.10543933054393305,0.0,,,,,,0.015481171548117154
,,,0.011297071129707114,,,,,,,,,0.7623430962343096,,,,,,,,,,,,,,0.0,,,,,,,,,,,,0.0,0.0,,,,,,,,,0.0,,,,,0.0,0.005439330543933054,,,,,,,,,,,,,,,0.15313807531380752,0.0,0.016736401673640166,,,,,0.05104602510460251
,,,0.020502092050209204,,,,,,,,,0.7100418410041841,,,,,,,,,,,,,,0.0,,,,,,,,,,,,0.0,0.0,,,,,,,,,0.0,,,,,0.0,0.07615062761506276,0.013807531380753139,,,,,,,,,,,,,,0.12468619246861924,0.0,0.0066945606694560665,,,,,0.04811715481171548
,,,,,,,,0.010878661087866108,,,,0.7497907949790795,,,,,,,0.016317991631799162,,,,,,,0.0,,,,,,,,,,,,0.0,0.0,,,,,,,,,0.0,,,,,0.0,0.09246861924686192,,,,,,,,0.005439330543933054,,,,,,,0.09246861924686192,0.0,,,,,,0.032635983263598324
,,,,,0.004602510460251046,,,0.009205020920502092,,,,0.6849372384937238,,,,,,,0.009205020920502092,,,,,,,0.0,,,,,,,,,,,,0.0,0.0,,,,,,,,,0.0,,,,,0.0,0.099163179916318,,,,,,,,0.02803347280334728,,,,,,,0.13682008368200838,0.0,0.009205020920502092,,,,,0.01882845188284519
,,,,,0.005857740585774059,,,0.023430962343096235,,,,0.7828451882845189,,,,,,,,,,,,,,0.0,,,,,,,,,,,,0.0,0.0,,,,,,,,,0.0,,,,,0.0,0.1,,,,,,,,0.029288702928870293,,,,,,,0.04100418410041841,0.0,,,,,,0.017573221757322177
,,,0.005439330543933054,,0.011297071129707114,,,0.03933054393305439,,,,0.6230125523012552,0.005439330543933054,,,,,,,,0.005439330543933054,,,,,0.0,,,,,,,,,,,,0.0,0.0,,,,0.005439330543933054,,,,,0.0,,,,,0.0,0.10167364016736402,,,,,,,,0.005439330543933054,,,,,,,0.14686192468619247,0.0,0.03933054393305439,,,,,0.011297071129707114
,,,,,0.005439330543933054,,,0.04435146443514645,,,,0.6849372384937239,,,,,,,,,0.005439330543933054,,,,,0.0,,,,,,,,,,,,0.0,0.0,,,,,,,,,0.0,,,,,0.0,0.12175732217573222,,,,,,,,,,,,,,,0.09414225941422594,0.0,0.010878661087866108,,,,,0.03305439330543933
,,,,,,,,0.010460251046025104,,,,0.8853556485355649,,,,,,,,,0.00502092050209205,,0.010460251046025104,,,0.0,,,,,,,,,,,,0.0,0.0,,,,,,,,,0.0,,,,,0.0,,,,,,,,,,,,,,,,0.06778242677824267,0.0,,,,,,0.02092050209205021
,,,,,,,,,,,,0.8945606694560669,,,,,,,,,0.005439330543933054,,,,,0.0,,,,,,,,,,,,0.0,0.0,,,,,,,,,0.0,,,,,0.0,,,,,,,,,,,,,,,,0.07238493723849372,0.0,,,,,,0.027615062761506277
,,,,,,,,,,,,0.9271966527196653,,,,,,,,,0.00502092050209205,,,,,0.0,,,,,,,,,,,,0.0,0.0,,,,,,,,,0.0,,,,,0.0,,,,,,,,,,,,,,,,0.06276150627615062,0.0,,,,,,0.00502092050209205
,,,0.005439330543933054,,,,,,,,,0.8945606694560669,,,,,,,,,0.005439330543933054,,,,,0.0,,,,,,,,,,,,0.0,0.0,,,,,,,,,0.0,,,,,0.0,,,,,,,,,,,,,,,,0.08912133891213389,0.0,,,,,,0.005439330543933054
,,,,,,,,,,,,0.9615062761506277,,,,,,,,,0.005439330543933054,,,,,0.0,,0.005439330543933054,,,,,,,,,,0.0,0.0,,,,,,,,,0.0,,,,,0.0,,,,,,,,,,,,,,,,0.027615062761506277,0.0,,,,,,
,,,,,,,,,,,,0.9297071129707113,,,,,,,,,0.005857740585774059,,,,,0.0,,0.005857740585774059,,,,0.005857740585774059,,,,,,0.0,0.0,,0.005857740585774059,,,,,,,0.0,,,,,0.0,,,,,,,,,,,,,,,,0.04686192468619247,0.0,,,,,,
,,,,,,,,,,,,0.9238493723849373,,,,,,,,,,,,,,0.0,,0.005857740585774059,,,,,,,,,,0.0,0.0,,0.011715481171548118,,,,,,,0.0,,,,,0.0,0.005857740585774059,,,,,,,,,,,,,,,0.052719665271966525,0.0,,,,,,
,,,,,0.00502092050209205,,,,,,,0.9368200836820084,,,,,,,,,,,,,,0.0,,0.00502092050209205,,,,,,,,,,0.0,0.0,,0.010460251046025104,,,,,,,0.0,,,,,0.0,0.00502092050209205,,,,,,,,,,,,,,,0.03765690376569038,0.0,,,,,,
,,,0.015899581589958158,,,,,,,,,0.9154811715481171,,,,,,,,,0.00502092050209205,,,,,0.0,,0.00502092050209205,,,,,,,,,,0.0,0.0,,,,,,,,,0.0,,,,,0.0,0.00502092050209205,,,,,,,,,,,,,,,0.05355648535564853,0.0,,,,,,
,,,0.005857740585774059,,,,,,,,,0.9343096234309624,,,,,,,,,0.005857740585774059,,,,,0.0,,0.005857740585774059,,,,,,,,,,0.0,0.0,,,,,,,,,0.0,,,,,0.0,,,,,,,,,,,,,,,,0.04225941422594142,0.0,,,,,,0.005857740585774059
,,,0.005857740585774059,0.005857740585774059,,,,,,,,0.9167364016736401,0.005857740585774059,,,,,,,,0.005857740585774059,,,,,0.0,,,,,,,,,,,,0.0,0.0,,,,,,,,,0.0,,,,,0.0,,,,,,,,,,,,,,,,0.05397489539748954,0.0,,,,,,0.005857740585774059
,,,0.005439330543933054,,,,,0.005439330543933054,,,,0.90418410041841,0.011297071129707114,,,,,,,,0.011297071129707114,,,,,0.0,,,0.005439330543933054,,,,,,,,,0.0,0.0,,,,,,,,,0.0,,,,,0.0,0.005439330543933054,,,,,,,,,,,,,,,0.0401673640167364,0.0,,,,,,0.011297071129707114
,,,,,,,,,,,,0.9836820083682009,,,,,,,,,0.005439330543933054,,,,,0.0,,,,,,,,,,,,0.0,0.0,,,,,,,,,0.0,,,,,0.0,,,,,,,,,,,,,,,,0.010878661087866108,0.0,,,,,,
,,,,,,,,,,,,0.9384937238493724,,,,,,,,,,,,,,0.0,,,,,,,,,,,,0.0,0.0,,,,,,,,,0.0,,,,,0.0,,,,,,,,,,,,,,,,0.05146443514644351,0.0,,,,,,0.0100418410041841
,,,0.005439330543933054,,,,,,,,,0.9259414225941422,,,,,,,,,,,,,,0.0,,,,,,,,,,,,0.0,0.0,,,,,,,,,0.0,,,,,0.0,,,,,,,,,,,,,,,,0.06861924686192468,0.0,,,,,,
,,,0.00502092050209205,,,,,,,,,0.9066945606694561,,,,,,,,,,,,,,0.0,,,,,,,,,,,,0.0,0.0,,,,,,,,,0.0,,,,,0.0,,,0.00502092050209205,,,,,,,,,,,,,0.08326359832635984,0.0,,,,,,
,,,,,,,,,,,,0.9380753138075314,,,,,,,,,,,,,,0.0,,,,,,,,,,,,0.0,0.0,,,,,,,,,0.0,,,,,0.0,0.00502092050209205,,,,,,,,,,,,,,,0.05690376569037657,0.0,,,,,,
,,,,,,,,,,,,0.9569037656903766,,,,,,,,,0.004602510460251046,,,,,0.0,,,,,,,,,,,,0.0,0.0,,,,,,,,,0.0,,,,,0.0,0.004602510460251046,,,,,,,,,,,,,,,0.033891213389121336,0.0,,,,,,
,,,,,,,,,,,,0.9230125523012552,,,,,,,,,0.005439330543933054,,,,,0.0,,,,,,,,,,,,0.0,0.0,,,,,,,,,0.0,,,,,0.0,0.005439330543933054,,,,,,,,,,,,,,,0.06610878661087866,0.0,,,,,,
,,,0.005439330543933054,,,,,,,,,0.8916317991631799,,,,,,,,,0.005439330543933054,,,,,0.0,,,,,,,,,,,,0.0,0.0,,,,,,,,,0.0,,,,,0.0,0.011297071129707114,,,,,,,,,,,,,,,0.08075313807531381,0.0,,,,,,0.005439330543933054
,,,0.005439330543933054,,,,,,,,,0.903347280334728,,,,,,,,,0.005439330543933054,,,,,0.0,,,,,,,,,,,,0.0,0.0,,,,,,,,,0.0,,,,,0.0,,,,,,,,,,,,,,,,0.08577405857740586,0.0,,,,,,
,,,,,,,,,,,,0.9548117154811715,,,,,,,,,,,,,,0.0,,,,,,,,,,,,0.0,0.0,,,,,,,,,0.0,,,,,0.0,,,,,,,,,,,,,,,,0.045188284518828455,0.0,,,,,,
,,,,,,,,,,,,0.9401673640167364,,,,,,,,,,,,,,0.0,,,,,,,,,,,,0.0,0.0,,,,,,,,,0.0,,,,,0.0,,,,,,,,,,,,,,,,0.0598326359832636,0.0,,,,,,
0.005439330543933054,,0.005439330543933054,,,,,,,,,,0.9209205020920502,,,,,,,,,,,,,,0.0,,,,,,,,,,,,0.0,0.0,,,,,,,,,0.0,,,,,0.0,,,,,,,,,,,,,,,,0.06276150627615062,0.0,,,,0.005439330543933054,,
0.00502092050209205,,0.010460251046025104,,,,,,,,,,0.9271966527196653,,,,,,,,,,,,,,0.0,,,,,,,,,,,,0.0,0.0,,,,,,,,,0.0,,,,,0.0,0.015481171548117154,,,,,,,,,,,,,,,0.04184100418410042,0.0,,,,,,
0.005439330543933054,,,,,,,,,,,,0.906276150627615,,,,,,,,0.010878661087866108,,,,,,0.0,,,,,,,,,,,,0.0,0.0,,,,,,,,,0.0,,,,,0.0,0.005439330543933054,,,,,,,,,,,,,,,0.07196652719665272,0.0,,,,,,
0.005439330543933054,,,,,,,,,,,,0.9280334728033472,,,,,,,,,,,0.005439330543933054,,,0.0,,,,,,,,,,,,0.0,0.0,,,,0.005439330543933054,,,,,0.0,,,,,0.0,0.005439330543933054,,,,,,,,,,,,,,,0.0502092050209205,0.0,,,,,,
,,,,,,,,,,,,0.9418410041841004,,,,,,,,,,,,,,0.0,,,,,,,,,,,,0.0,0.0,,,,,,,,,0.0,,,,,0.0,,,,,,,,,,,,,,,,0.05815899581589958,0.0,,,,,,
,,,0.005439330543933054,,,,,,,,,0.9267782426778243,,,,,,,,,,,,,,0.0,,,,,,,,,,,,0.0,0.0,,,,,,,,,0.0,,,,,0.0,,,,,,,,,,,,,,,,0.06778242677824267,0.0,,,,,,
,,,,,,,,,,,,0.8811715481171548,,,,,,,,,0.006276150627615063,,,,,0.0,,,,,,,,,,,,0.0,0.0,,,,,,,,,0.0,,,,,0.0,,,,,,,,,,,,,,,,0.11255230125523012,0.0,,,,,,
,,,,,,,,,,,,0.9355648535564853,,,,,,,,,0.005857740585774059,,,,,0.0,,,,,,,,,,,,0.0,0.0,,,,,,,,,0.0,,,,,0.0,,,,,,,,,,,,,,,,0.058577405857740586,0.0,,,,,,
,,,,,,,,,,,,0.9426778242677825,,,,,,,,,0.005439330543933054,,,,,0.0,,,,,,,,,,,,0.0,0.0,,,,,,,,,0.0,,,,,0.0,,,,,,,,,,,,,,,,0.05188284518828452,0.0,,,,,,
,,,0.011297071129707114,0.02301255230125523,,,,,,,,0.8451882845188284,,,,,,,,,0.005439330543933054,,,,,0.0,,,,,,,,,,,,0.0,0.0,,,,,,,,,0.0,,,,,0.0,,,,,,,,,,,,,,,,0.11506276150627615,0.0,,,,,,
,,,0.005439330543933054,0.02301255230125523,,,,,0.005439330543933054,,,0.804602510460251,0.005439330543933054,,,,,,,,,,,,,0.0,,,,,,,,,,,,0.0,0.0,,0.005439330543933054,,,,,0.005439330543933054,,0.0,,,,,0.0,0.01715481171548117,,,,,,,,,,,,,,,0.1280334728033473,0.0,,,,,,
,,,0.004602510460251046,0.02803347280334728,,,,,,,,0.901255230125523,,,,,,,,,,,,,,0.0,,,,,,,,,,,,0.0,0.0,,,,,,,,,0.0,,,,,0.0,,,,,,,,,,,,,,,,0.06610878661087866,0.0,,,,,,
,,,,,,,,,,,,0.9305439330543933,,,,,,,,,,,,,,0.0,,,,,,,,,,,,0.0,0.0,,,,,,,,,0.0,,,,,0.0,,,,,,,,,,,,,,,,0.0694560669456067,0.0,,,,,,
,,,,,,,,,,,,0.9422594142259414,,,,,,,,,,,,,,0.0,,,0.004602510460251046,,,,,,,,,0.0,0.0,,,,,,,,,0.0,,,,,0.0,,,,,,,,,,,,,,,,0.04351464435146443,0.0,,,,,,0.009623430962343096
,,,0.005439330543933054,,,,,,,,,0.9108786610878661,,,,,,,,,0.005439330543933054,,,,,0.0,,,0.005439330543933054,,,,,,,,,0.0,0.0,,,,,,,,,0.0,,,,,0.0,,,,,,,,,,,,,,,,0.07280334728033473,0.0,,,,,,
,,,0.00502092050209205,,,,,,,,,0.8493723849372385,,,,,,,,,0.00502092050209205,,,,,0.0,,,0.00502092050209205,,,,,,,,,0.0,0.0,,,,,,,,,0.0,,,,,0.0,,,,,,,,,,,,,,,,0.13556485355648534,0.0,,,,,,
,,,0.016736401673640166,,,,,,,,,0.9158995815899582,,,,,,,,,0.005439330543933054,,,,,0.0,,,0.005439330543933054,,,,,,,,,0.0,0.0,,,,,,,,,0.0,,,,,0.0,,,,,,,,,,,,,,,,0.056485355648535567,0.0,,,,,,
,,,0.011297071129707114,,,,,,,,,0.8589958158995816,,,,,,,,,,,,,,0.0,,,0.005439330543933054,,,,,,,,,0.0,0.0,,,,,,,0.005439330543933054,,0.0,,,,,0.0,0.016736401673640166,,,,,,,,,,,,,,,0.10209205020920502,0.0,,,,,,
,,,0.016317991631799162,,,,,,,,,0.8845188284518828,,,,,,,,,,,,,,0.0,,,0.005439330543933054,,,,,,,,,0.0,0.0,,,,,,,,,0.0,,,,,0.0,,,,,,,,,,,,,,,,0.09372384937238494,0.0,,,,,,
,,,0.01715481171548117,,,,,,,,,0.9192468619246862,,,,,,,,,,,,,,0.0,,,,,,,,,,,,0.0,0.0,,,,,,,,,0.0,,,,,0.0,,,,,,,,,,,,,,,,0.06359832635983263,0.0,,,,,,
,,,0.010460251046025104,,,,,,0.010460251046025104,,,0.8355648535564854,,,,,,,,,,,,,,0.0,,,,0.00502092050209205,0.00502092050209205,,0.00502092050209205,,,,,0.0,0.0,,0.00502092050209205,,,,,,,0.0,0.010460251046025104,,,,0.0,,,,,,,0.021338912133891212,0.00502092050209205,,,,,,,,0.08661087866108787,0.0,,,,,,
,,,0.005857740585774059,,0.005857740585774059,,,,,,,0.7581589958158995,,,,,,,,,,,,,,0.0,,,,0.012133891213389121,,,,,0.005857740585774059,,,0.0,0.0,,0.024267782426778243,,,,,,,0.0,,0.01799163179916318,,,0.0,0.005857740585774059,,,,0.005857740585774059,0.005857740585774059,,,,,,,,,,0.14058577405857742,0.0,0.005857740585774059,0.005857740585774059,,,,
,,,0.010460251046025104,,,,,,,,,0.797907949790795,,,0.00502092050209205,,,,,,0.00502092050209205,,,,,0.0,,,0.00502092050209205,,,,,0.00502092050209205,0.00502092050209205,,,0.0,0.0,,,,,,,,,0.0,,,,,0.0,,,,,,,,,,,,,,,,0.14560669456066946,0.0,,,,,0.010460251046025104,0.010460251046025104
,,0.00502092050209205,0.00502092050209205,,,,,,,,,0.8778242677824268,,,,,,,,,,,,,,0.0,,,,,,,,0.00502092050209205,0.00502092050209205,,,0.0,0.0,,,,,,,,,0.0,,,,,0.0,0.00502092050209205,,,,,,,,,,,,,,,0.09707112970711297,0.0,,,,,,
,,,0.012552301255230125,,,,,,,,,0.8217573221757322,0.012552301255230125,,,,,,,,,,,,,0.0,,,,,,,,0.006276150627615063,0.006276150627615063,,,0.0,0.0,,,,0.006276150627615063,,,,,0.0,,,,,0.0,,,,,,,,,,,,,,,,0.1280334728033473,0.0,,,,,,0.006276150627615063
,,,,,,,,0.019665271966527197,,,,0.8820083682008368,0.009623430962343096,,,,,,,,,,,,,0.0,,,,,,,,,0.004602510460251046,,,0.0,0.0,,,,,,,,,0.0,,,,,0.0,0.004602510460251046,,,,,,,,,,,,,,,0.0794979079497908,0.0,,,,,,
,,,0.00502092050209205,,,,,0.010460251046025104,,,,0.8129707112970711,0.010460251046025104,,,,,,,,,,,,,0.0,,,0.00502092050209205,,,,,,0.00502092050209205,0.010460251046025104,,0.0,0.0,,,,,,,,,0.0,,,,,0.0,,,,,,,,,,,,,,,,0.11380753138075314,0.0,,,,,,0.026778242677824266
,,,,,,,,,,,,0.9418410041841004,,,,,,,,,,,,,,0.0,,,,,,,,,,,,0.0,0.0,,,,,,,,,0.0,,,,,0.0,,,,,,,,,,,,,,,,0.05815899581589958,0.0,,,,,,
,,,,,,,,,,,,0.8669456066945607,,,,,,,,,0.00502092050209205,,0.00502092050209205,,,0.0,,,,,,,,,,,,0.0,0.0,,,,,,,,,0.0,,,,,0.0,,,,,,,,,,,,,,,,0.12301255230125523,0.0,,,,,,
0.00502092050209205,,,0.00502092050209205,,,,,0.00502092050209205,,0.00502092050209205,,0.8217573221757323,,,0.031799163179916316,,,,,0.00502092050209205,0.00502092050209205,,,,,0.0,0.015899581589958158,,,,,0.015899581589958158,,,,,,0.0,0.0,,,,,,,,,0.0,,,,,0.0,,,,,,,,,,,,,,,,0.08451882845188284,0.0,,,,,,
0.00502092050209205,,,0.010460251046025104,,,0.010460251046025104,,0.010460251046025104,,0.00502092050209205,,0.8376569037656904,,,,,,,,0.00502092050209205,0.00502092050209205,,,,,0.0,,,0.00502092050209205,,,,,,,,0.00502092050209205,0.0,0.0,,,,,,,0.00502092050209205,,0.0,,,,,0.0,0.00502092050209205,,,,,,,,,,,,,,,0.07489539748953974,0.0,,,,,0.015899581589958158,
0.004602510460251046,,,0.009623430962343096,,,,,,,,,0.894142259414226,,,,,,,,,0.004602510460251046,,0.009623430962343096,,,0.0,,,,,,,,,,,,0.0,0.0,,,,,,,,,0.0,,,,,0.0,,,,,,,,,,,,,,,,0.07740585774058577,0.0,,,,,,
,,,0.0041841004184100415,,0.0041841004184100415,,,0.01799163179916318,,,,0.8548117154811715,,,,,,,,,0.008786610878661089,,,,,0.0,,,,,,,,,,,,0.0,0.0,,,,,,,,,0.0,,,,,0.0,,,,,,,,,,,,,,,,0.1100418410041841,0.0,,,,,,
,,,,,,,,0.009623430962343096,,,,0.8937238493723849,,,,,,,,,,,,,,0.0,,,,,,,,,,0.004602510460251046,,0.0,0.0,,,,,,,,,0.0,,,,,0.0,0.004602510460251046,,,,,,,,,,,,,,,0.08744769874476988,0.0,,,,,,
,,,0.00502092050209205,,,,,,,,,0.8652719665271966,,,,,,,,,,,,,,0.0,,,0.00502092050209205,,,,,,,,,0.0,0.0,,,,,,,,,0.0,,,,,0.0,0.0100418410041841,,,,,,,,,,,,,,,0.11464435146443515,0.0,,,,,,
,,,0.00502092050209205,,,,,,,,,0.9133891213389121,,,,,,,,,,,,,,0.0,,,,,,,,,,,,0.0,0.0,,,,,,,,,0.0,,,,,0.0,,,,,,,,,,,,,,,,0.08158995815899582,0.0,,,,,,
,,,,,,,,,,,,0.9276150627615063,,,,,,,0.0041841004184100415,,0.0041841004184100415,,,,,0.0,,,,,,,,,,,,0.0,0.0,,,,,,,,,0.0,,,,,0.0,,,,,,,,,,,,,,,,0.06401673640167364,0.0,,,,,,
,,,,,,,,0.014225941422594143,,,,0.8472803347280334,,,,,,,0.004602510460251046,,0.004602510460251046,,0.004602510460251046,,,0.0,,,,,,,,,,,,0.0,0.0,,,,,,,,,0.0,,,,,0.0,,,,,,,,,,,,,,,,0.11046025104602511,0.0,0.014225941422594143,,,,,
,,,,,,,,,,,,0.9171548117154812,,,,,,,0.00502092050209205,,0.00502092050209205,,0.00502092050209205,,,0.0,,,,,,,,,,,,0.0,0.0,,,,,,,,,0.0,,,,,0.0,,,,,0.00502092050209205,0.00502092050209205,,,,,,,,,,0.052719665271966525,0.0,0.00502092050209205,,,,,
,,,,,,,,,,,,0.8778242677824268,,,,,,,0.0100418410041841,,,,,,,0.0,,,,,,,,,,,,0.0,0.0,,,,,,,,,0.0,,,,,0.0,,,,,,,,,,,,,,,,0.11213389121338913,0.0,,,,,,
,,,,,,,,,,,,0.901673640167364,,,,,,,0.004602510460251046,,0.004602510460251046,,,,,0.0,,,,,,,,,,,,0.0,0.0,,,,,,,,,0.0,,,,,0.0,,,,,,,,,,,,,,,,0.08912133891213389,0.0,,,,,,
,,,0.00502092050209205,,0.00502092050209205,,,0.00502092050209205,,,,0.8430962343096234,,,,,,,0.01506276150627615,,0.0100418410041841,,,,,0.0,,,,,,,,,,,,0.0,0.0,,,,0.0100418410041841,,,,,0.0,,,,,0.0,0.01506276150627615,,,,,,,,,,,,,,0.01506276150627615,0.06652719665271967,0.0,,,,,,0.0100418410041841
0.004602510460251046,,,,,,,,0.009623430962343096,,,,0.8828451882845189,,,,,,,0.019665271966527197,0.004602510460251046,,,,,,0.0,,,,,,,,,,,,0.0,0.0,,,,,,,,,0.0,,,,,0.0,0.009623430962343096,,,,,,,,,,,,,,0.024686192468619247,0.04435146443514645,0.0,,,,,,
0.00502092050209205,,,0.00502092050209205,,,,0.00502092050209205,,,,,0.8728033472803347,,,,,,,0.00502092050209205,0.00502092050209205,,,,,,0.0,,,0.00502092050209205,,,,,,0.00502092050209205,,,0.0,0.0,,,,,,,,,0.0,,,,,0.0,,,,,,,,,,,,,,,0.025523012552301255,0.06652719665271967,0.0,,,,,,
0.00502092050209205,,,,0.03096234309623431,,,,,,,,0.8510460251046025,,,,,,,0.0100418410041841,0.00502092050209205,,,,0.0100418410041841,,0.0,,,,,,,,,0.00502092050209205,,,0.0,0.0,,,,,,,,,0.0,,,,,0.0,,,,,,,,,,,,,,,0.015481171548117154,0.06736401673640167,0.0,,,,,,
0.0041841004184100415,,,,0.027196652719665274,,,,,,,,0.8841004184100418,,,,,,,0.0041841004184100415,,0.0041841004184100415,,,,,0.0,,,,,,,,,0.008786610878661089,,,0.0,0.0,,,,,,,,,0.0,,,,,0.0,,,,,,,,,,,,,,,0.01799163179916318,0.040585774058577405,0.0,,,,,,0.008786610878661089
0.0041841004184100415,,,0.012552301255230125,0.01715481171548117,,,,,,,,0.8769874476987448,,,,,,,,,0.0041841004184100415,,,,,0.0,,,,,,,,,0.0041841004184100415,,,0.0,0.0,,,,,,,,,0.0,,,,,0.0,0.0041841004184100415,,,,0.0041841004184100415,,,,,,,,,,0.008368200836820083,0.05564853556485356,0.0,,,,,,0.008368200836820083
,,,0.0200836820083682,0.01506276150627615,,,,,,,,0.803347280334728,,,,,,,,,,,0.02510460251046025,,,0.0,,,,,,,,,0.00502092050209205,,,0.0,0.0,,,,,,,,,0.0,,,,,0.0,0.01506276150627615,,,,,,,,,,,,,,0.0200836820083682,0.08117154811715481,0.0,,,,,,0.01506276150627615
,,,0.00502092050209205,,,,,,,,,0.9025104602510461,,,,,,,,,,,,,,0.0,,,,,,,,,,,,0.0,0.0,,,,,,,,,0.0,,,,,0.0,0.0100418410041841,,,,,,,,,,,,,,0.015481171548117154,0.05690376569037657,0.0,,,,,,0.0100418410041841
,,,0.004602510460251046,,,,,,,,,0.8359832635983264,,,,,,,,,0.004602510460251046,,,,,0.0,,,,,,,,,,,,0.0,0.0,,,,,,,,,0.0,,,,,0.0,0.02887029288702929,,,,,,,,,,,,,,0.019246861924686193,0.09246861924686192,0.0,,,,,,0.014225941422594143
,,,,,0.015899581589958158,,,,,,,0.8138075313807531,,,,,,,,,0.00502092050209205,,,,,0.0,,,,,,,,,,,,0.0,0.0,,,,,,,,,0.0,,,,,0.0,0.06401673640167364,,,,,,,,,,,,,,0.00502092050209205,0.09623430962343096,0.0,,,,,,
,,,0.00502092050209205,,0.00502092050209205,,,,,,,0.8644351464435146,,,,,,,,,0.00502092050209205,,,,,0.0,,,0.00502092050209205,,,,,,,,,0.0,0.0,,,,0.00502092050209205,,,,,0.0,,,,,0.0,0.0301255230125523,,,,,0.01506276150627615,,,,,,,,,,0.0602510460251046,0.0,,,,,0.00502092050209205,
,,,0.018410041841004185,,,,0.004602510460251046,,,,,0.902928870292887,,,,,,,,,0.004602510460251046,,,,,0.0,,,,,,,,,,,,0.0,0.0,,,,,,,,,0.0,,,,,0.0,0.009205020920502092,,,,,0.009205020920502092,,,,,,,,,,0.037238493723849374,0.0,,,,,0.004602510460251046,0.009205020920502092
,,,0.01506276150627615,,,,,,,,,0.8845188284518828,,,,,,,,,0.00502092050209205,,,,,0.0,,,,,,,,,,,,0.0,0.0,,,,,,,,,0.0,,,,,0.0,,,,,,,,,,,,,,,,0.09037656903765691,0.0,,,,,0.00502092050209205,
,,,0.0100418410041841,,,,,,,,,0.899581589958159,,,,,,,,,,,,,,0.0,,,,,,,,,,,,0.0,0.0,,,,,,,,,0.0,,,,,0.0,,,,,,,,,,,,,,,,0.09037656903765691,0.0,,,,,,
,,,0.004602510460251046,,,,,,,,,0.8196652719665272,,,,,,,,,,,,,,0.0,,,,,,,,,,,,0.0,0.0,,,,,,,,,0.0,,,,,0.0,,,,,0.004602510460251046,,,,,,,,,,,0.1619246861924686,0.0,,,,,,0.009205020920502092
,,,0.0100418410041841,,,,,,,,,0.8594142259414226,,,,,,,0.00502092050209205,,,,,,,0.0,,,,,,,,,,,,0.0,0.0,,,,,,,,,0.0,,,,,0.0,,,,,,,,,,,,,,,,0.12552301255230125,0.0,,,,,,
,,,0.0301255230125523,,0.0100418410041841,,,0.0301255230125523,,,,0.8393305439330544,,,,,,,0.00502092050209205,,0.00502092050209205,,,,,0.0,,,,,,,,,,,,0.0,0.0,,0.00502092050209205,,,,,,,0.0,,,,,0.0,0.01506276150627615,,,,,,,,,,,,,,,0.055230125523012555,0.0,,,,,,0.00502092050209205
,,,0.004602510460251046,,0.004602510460251046,,0.004602510460251046,0.014225941422594143,,,,0.8761506276150628,0.009623430962343096,,,,,,,,,,,,,0.0,,,,,,,,,,,,0.0,0.0,,0.009623430962343096,,,,,,,0.0,,,,,0.0,,,,,,0.004602510460251046,,,,,,,,,,0.07196652719665272,0.0,,,,,,
,,,0.00502092050209205,,0.00502092050209205,,,0.020502092050209204,,,,0.7313807531380754,,,,,,,,,0.00502092050209205,,0.0100418410041841,,,0.0,,,0.00502092050209205,,,,,,,,,0.0,0.0,,0.0100418410041841,,,,,,,0.0,,,,,0.0,0.00502092050209205,,,,,,,,,,,,,,,0.18744769874476988,0.0,,,,,,0.015481171548117154
,,,0.004602510460251046,,,,,0.004602510460251046,,,,0.8376569037656904,,,,,,,0.004602510460251046,,0.004602510460251046,,0.02384937238493724,,,0.0,,,,,,,,,,,,0.0,0.0,,0.009623430962343096,,,,,,,0.0,,,,,0.0,0.019246861924686193,,,,,,,,,,,,,,,0.06234309623430962,0.0,,,,,,0.02887029288702929
,,,0.004602510460251046,,0.004602510460251046,,,,,,,0.8644351464435146,,,,,,,0.004602510460251046,,0.004602510460251046,,0.029288702928870293,,,0.0,,,,,,,,,,,,0.0,0.0,,0.009623430962343096,0.004602510460251046,,,,,,0.0,,,,,0.0,0.014644351464435146,,,,,,,,,,,,,,,0.05899581589958159,0.0,,,,,,
,,,0.004602510460251046,,,,,,,,,0.8305439330543933,,,,,,,,,,,0.01882845188284519,,,0.0,,,0.004602510460251046,,,,,,,,,0.0,0.0,,0.004602510460251046,0.004602510460251046,0.004602510460251046,,,,,0.0,,,,,0.0,0.004602510460251046,,,,,0.009205020920502092,,,,,,,,,,0.11380753138075314,0.0,,,,,,
,,,0.0041841004184100415,,,,,0.008786610878661089,,,,0.8920502092050209,0.0041841004184100415,,,,,,,,,,0.022594142259414227,,,0.0,,,,,,,,,,,,0.0,0.0,,,,,,,,,0.0,,,,,0.0,,,,,,,,,,,,,,,,0.06820083682008368,0.0,,,,,,
,,,0.009623430962343096,,,,,,,,,0.8719665271966528,,,,,,,,,,,0.014644351464435146,,,0.0,,,,,,,,,,,,0.0,0.0,,,,,,,,,0.0,,,,,0.0,,,,,,,,,,,,,,,,0.10376569037656903,0.0,,,,,,
,,,0.004602510460251046,,,,0.004602510460251046,,,,,0.9489539748953975,0.004602510460251046,,,,,,,,,,,,,0.0,,,,,,,,,,,,0.0,0.0,,,,,,,,,0.0,,,,,0.0,,,,,,,,,,,,,,,,0.037238493723849374,0.0,,,,,,
,,,0.0100418410041841,,,,,,,,,0.8736401673640167,0.00502092050209205,,,,,,,,,,0.0100418410041841,,,0.0,,,,,,,,,0.0100418410041841,,,0.0,0.0,,,,,,,0.00502092050209205,,0.0,0.0100418410041841,,,,0.0,,,,,,,,,,,,,,,,0.05606694560669456,0.0,,,,,,0.0200836820083682
,,,0.00502092050209205,,,,,,,,,0.900418410041841,,,,,,,,,,,,,,0.0,,,,,,,,,,,,0.0,0.0,,,,,,,,,0.0,0.03682008368200837,,,,0.0,,,,,,,,,,,,,,,,0.05774058577405858,0.0,,,,,,
,,,,,,,,,,,,0.9158995815899582,,,,,,,,,,,,,,0.0,,,0.00502092050209205,,,,,,,,,0.0,0.0,,,,,,,,,0.0,0.037238493723849374,,,,0.0,0.00502092050209205,,,,,,,,,,,,,,,0.031799163179916316,0.0,,,,,,0.00502092050209205
,,,,,0.00502092050209205,,,0.05104602510460251,,,,0.8217573221757323,,,,,,,0.00502092050209205,,,,,,,0.0,,,,,,,,,,0.00502092050209205,,0.0,0.0,,,,,,,,,0.0,0.01506276150627615,,,,0.0,0.04100418410041841,,,,,,,,,,,,,,,0.05104602510460251,0.0,,,,,,0.00502092050209205
,,,,,0.005439330543933054,,,,,,,0.8723849372384938,,,,,,,0.005439330543933054,,,,,,,0.0,,,,,,,,,,,,0.0,0.0,,,,,,,0.005439330543933054,,0.0,,,,,0.0,,,,,,,,,,,,,,,,0.11129707112970712,0.0,,,,,,
,,,,,0.004602510460251046,,,,,,,0.9184100418410042,,,,,,,0.004602510460251046,,,,,,,0.0,,,,,,,,,,,,0.0,0.0,,,,,,,0.004602510460251046,,0.0,,,,,0.0,0.004602510460251046,,,,0.004602510460251046,,,,,,,,,,,0.058577405857740586,0.0,,,,,,
,,,,,0.00502092050209205,,,,,,,0.9317991631799163,,,,,,,0.015899581589958158,,,,,,,0.0,,,,,,,,,,,,0.0,0.0,,,,,,,0.00502092050209205,,0.0,,,,,0.0,,,,,0.00502092050209205,,,,,,,,,,,0.03221757322175732,0.0,,,,,,0.00502092050209205
,,,,,0.005439330543933054,,,,,,,0.9326359832635983,,,,,,,,,,,,,,0.0,,,,,,,,,,,,0.0,0.0,,,,,,,,,0.0,,,,,0.0,,,,,0.005439330543933054,,,,,,,,,,,0.056485355648535567,0.0,,,,,,
,,,,,,,,,,,,0.9347280334728033,,,,,,,,,,,,,,0.0,,,,,,,,,,,,0.0,0.0,,,,,,,,,0.0,,,,,0.0,,,,0.00502092050209205,,,,,,,,,,,,0.0602510460251046,0.0,,,,,,
,,,,,,,0.00502092050209205,0.00502092050209205,,,,0.8945606694560669,,,,,,,,,,,0.01506276150627615,,,0.0,,,,,,,,,,,,0.0,0.0,,,,,,,,,0.0,,,,,0.0,0.01506276150627615,,,,,,,,,,,,,,,0.055230125523012555,0.0,,,,,,0.0100418410041841
,,,,,0.004602510460251046,,,0.009623430962343096,,,,0.80836820083682,,,,,,,,,,,0.019246861924686193,,,0.0,,,,,,,,,,0.004602510460251046,,0.0,0.0,,,,,,,,,0.0,,,,,0.0,0.052719665271966525,,,,,,,,,,,,,,,0.05774058577405858,0.0,,,,,,0.04309623430962343
,,,,,,,,0.004602510460251046,,,,0.9079497907949791,,,,,,,,,,,0.019665271966527197,,,0.0,,,,,,,,,,0.004602510460251046,,0.0,0.0,,,,,,,,,0.0,,,,,0.0,,,,,,0.004602510460251046,,,,,,,,,,0.05397489539748954,0.0,,,,,,0.004602510460251046
,,,0.004602510460251046,,,,,0.009623430962343096,,,,0.909205020920502,,,,,,,,,,,0.009623430962343096,,,0.0,,,,,,,,,0.004602510460251046,,,0.0,0.0,,,,,,,,,0.0,,,,,0.0,0.004602510460251046,,,,,,,,,,,,,,,0.05774058577405858,0.0,,,,,,
,,,0.005439330543933054,,,,,0.016317991631799162,,,,0.907112970711297,,,,,,,,,,,,,,0.0,,,,,,,,,0.010878661087866108,,,0.0,0.0,,,,,,,,,0.0,,,,,0.0,,,,,,,,,,,,,,,,0.0602510460251046,0.0,,,,,,
,,,0.005439330543933054,,,,,0.005439330543933054,,,,0.893305439330544,,,,,,,,,,,0.005439330543933054,,,0.0,,,,,,,,,0.005439330543933054,,,0.0,0.0,,,,,,,,,0.0,,,,,0.0,,,,,,,,,,,,,,,,0.0794979079497908,0.0,,,,,,0.005439330543933054
,,,,,,,,,,,,0.9468619246861925,,,,,,,0.00502092050209205,,,,0.00502092050209205,,,0.0,,,,,,,,,,,,0.0,0.0,,,,,,,,,0.0,,,,,0.0,,,,,,,,,,,,,,,,0.04309623430962343,0.0,,,,,,
,,,0.0100418410041841,,,,,,,,,0.8794979079497908,,,,,,,,,,,0.0301255230125523,,,0.0,,,,,,,,,,,,0.0,0.0,,,,,,,,,0.0,,,,,0.0,,,,,,0.0301255230125523,,,,,,,,,,0.0401673640167364,0.0,,,,,,0.0100418410041841
0.00502092050209205,,,,,,,,,,,,0.8753138075313808,,,,,,,,,,,0.02594142259414226,,,0.0,,,,,,,,,,,,0.0,0.0,,,,,,,,,0.0,,,,,0.0,,,,,,0.015481171548117154,,,,,,,,,,0.07322175732217573,0.0,,,,,,0.00502092050209205
0.005439330543933054,,,,,,,,,,,,0.8966527196652719,,,,,,,,,,,,,,0.0,,,,,,,,,0.011297071129707114,,,0.0,0.0,,,,,,,,,0.0,,,,,0.0,,,,,,,,,,,,,,,,0.0694560669456067,0.0,0.01715481171548117,,,,,
0.00502092050209205,,,0.00502092050209205,,0.00502092050209205,,,,,0.00502092050209205,,0.6736401673640167,,,0.010460251046025104,,,0.010460251046025104,0.02092050209205021,,,,,,,0.0,,,,,,,,,0.015899581589958158,,,0.0,0.0,,,,,,,,,0.0,,,,,0.0,0.04225941422594142,,0.00502092050209205,,,0.00502092050209205,,,,,,,,0.00502092050209205,0.015899581589958158,0.17029288702928871,0.0,,,,,,0.00502092050209205
0.004602510460251046,,,,,,,,0.009205020920502092,,,,0.7874476987447698,,,,,,0.01882845188284519,0.009205020920502092,0.004602510460251046,0.004602510460251046,,,,,0.0,,,,,,,,,,,,0.0,0.0,,,,,,,,,0.0,,,,,0.0,0.03807531380753138,,,,,,,,,,,,,,0.028451882845188285,0.08117154811715481,0.0,,,,0.009205020920502092,0.004602510460251046,
0.004602510460251046,,,0.004602510460251046,,0.004602510460251046,,,,,,,0.7552301255230126,,,0.009623430962343096,,,0.009623430962343096,0.019246861924686193,,0.014225941422594143,0.004602510460251046,,,,0.0,,,,,,,,,0.004602510460251046,,,0.0,0.0,0.004602510460251046,,,0.004602510460251046,,,,,0.0,,,,,0.0,0.048535564853556486,,,,,,,,,,,,,,0.009623430962343096,0.05815899581589958,0.0,,,,,,0.04351464435146443
0.010878661087866108,,,,,,,,0.010878661087866108,,,,0.8803347280334728,,,,,,,,,0.005439330543933054,,,,,0.0,,,,,,,,,0.005439330543933054,,,0.0,0.0,,,,0.005439330543933054,,,,,0.0,,,,,0.0,0.010878661087866108,,,,,,,,,,,,,,,0.06527196652719665,0.0,,,,,0.005439330543933054,
0.009623430962343096,,,,,,,,0.014644351464435146,,,,0.9083682008368201,,,,,,,,0.009623430962343096,,,,,,0.0,,,,,,,,,0.004602510460251046,,,0.0,0.0,,,,,,,,,0.0,,,,,0.0,,,,,,,,,,,,,,,,0.048535564853556486,0.0,,,,,0.004602510460251046,
0.00502092050209205,,,0.00502092050209205,,,,,0.0301255230125523,,,,0.8543933054393306,,,,,,,,,,,,,,0.0,,,,,,,,,,,,0.0,0.0,,,,,,,,,0.0,,,,,0.0,0.00502092050209205,,,,,,,,,,,,,,,0.09037656903765691,0.0,,,,,,0.0100418410041841
,,,0.00502092050209205,,0.00502092050209205,,,0.031799163179916316,,,,0.900836820083682,,,,,,,,,,,,,,0.0,,,0.00502092050209205,,,,,,,,,0.0,0.0,,,,,,,,,0.0,,,,,0.0,0.010460251046025104,,,,,,,,,,,,,,,0.03682008368200837,0.0,,,,,,0.00502092050209205
,,,0.00502092050209205,,,,,0.00502092050209205,,,,0.8313807531380752,0.010460251046025104,,,,,,,,,,,,,0.0,,,0.00502092050209205,,,,,,,,,0.0,0.0,,,,,,,,,0.0,,,,,0.0,0.00502092050209205,,,,,,,,,,,,,,,0.0799163179916318,0.0,,,,0.010460251046025104,,0.04769874476987448
,,,0.0100418410041841,,,,,,,,,0.8523012552301256,0.0100418410041841,,,,,,,,,,,,,0.0,,,0.00502092050209205,,,,,,,,,0.0,0.0,,,,,,,,,0.0,,,,,0.0,0.020502092050209204,,,,,,,,,,,,,,,0.08200836820083682,0.0,,,,0.0100418410041841,,0.0100418410041841
,,,0.00502092050209205,,,,,,,,,0.8836820083682009,0.0100418410041841,,,,,,,,,,,,,0.0,,,0.00502092050209205,,,,,,,,,0.0,0.0,,,,,,,,,0.0,,,,,0.0,0.00502092050209205,,,,,,,,,,,,,,,0.06108786610878661,0.0,,,,0.0100418410041841,,0.0200836820083682
,,,0.0100418410041841,,,,,0.0100418410041841,,,,0.8640167364016736,,,,,,,,,,,0.0100418410041841,,,0.0,,,,,,,,,,,,0.0,0.0,,,,0.00502092050209205,,,,,0.0,,,,,0.0,0.00502092050209205,,,,,,,,,,,,,,,0.08075313807531381,0.0,,,,,,0.01506276150627615
,,,,,,,,0.009205020920502092,,,,0.905439330543933,,,,,,,,,0.004602510460251046,,,,,0.0,,,,,,,,,,,,0.0,0.0,,,,,,,,,0.0,,,,,0.0,0.028451882845188285,,,,,,,,,,,,,,,0.04309623430962343,0.0,,,,,,0.009205020920502092
,,,,,,,,,,,,0.9234309623430963,,,,,,,,,,,,,,0.0,,,,,,,,,,,,0.0,0.0,,,,,,,,,0.0,,,,,0.0,,,,,,,,,,,,,,,,0.06820083682008368,0.0,0.0041841004184100415,,,,,0.0041841004184100415
,,,,,,,,,,,,0.9171548117154812,,,,,,,,,,,,,,0.0,,,,,,,,,,,,0.0,0.0,,,,,,,,,0.0,,,,,0.0,0.013807531380753139,,,,,,,,,,,,,,,0.0598326359832636,0.0,,,,,,0.009205020920502092
,,,0.00502092050209205,,,,,,,,,0.9046025104602511,,,,,,,,,,,,,,0.0,,,,,,,,,0.01506276150627615,,,0.0,0.0,,,,,,,,,0.0,,,,,0.0,0.0100418410041841,,,,,,,,,,,,,,,0.0502092050209205,0.0,,,,,,0.01506276150627615
0.004602510460251046,,,0.004602510460251046,,,,,0.004602510460251046,,,,0.8506276150627615,,,,,,,,,,,0.014644351464435146,,,0.0,,,,,,,,,0.004602510460251046,,,0.0,0.0,,,,0.004602510460251046,,0.009623430962343096,,,0.0,,,,,0.0,0.004602510460251046,,,,,0.004602510460251046,,,,,,,,,,0.08326359832635984,0.0,,,,,,0.009623430962343096
0.004602510460251046,,,0.004602510460251046,,,,,,,,,0.900418410041841,,,,,,,,,,,0.004602510460251046,,,0.0,,,0.004602510460251046,,,,,,0.004602510460251046,,,0.0,0.0,,,,,,0.009623430962343096,,,0.0,,,,,0.0,0.004602510460251046,,0.004602510460251046,,,,,,,,,0.014225941422594143,,,,0.04351464435146443,0.0,,,,,,
0.01506276150627615,,,,,,,,,,,,0.8635983263598326,,,,,,,,,,,,,,0.0,,,0.00502092050209205,,,,,,0.0100418410041841,,,0.0,0.0,,,,,,0.0200836820083682,,,0.0,,,,,0.0,0.00502092050209205,,0.00502092050209205,,,,,,,,,,,,,0.07615062761506276,0.0,,,,,,
0.01715481171548117,,,0.011297071129707114,,,,,,,,,0.8242677824267782,,,,,,,,,,,,,,0.0,,,0.005439330543933054,,,,,,0.005439330543933054,,,0.0,0.0,,,,,,0.011297071129707114,,,0.0,,,,,0.0,,,0.005439330543933054,,0.005439330543933054,,,,,,,,,,,0.10334728033472804,0.0,0.005439330543933054,,,,,0.005439330543933054
0.005439330543933054,,,0.016317991631799162,,,,,,,,,0.8640167364016736,,,,,,,,0.010878661087866108,,,,,,0.0,,,0.005439330543933054,,,,,,0.005439330543933054,,,0.0,0.0,,,,,,,,,0.0,,,,,0.0,,,0.005439330543933054,,0.005439330543933054,,,,,,,,,,,0.07615062761506276,0.0,,,,,,0.005439330543933054
0.01506276150627615,,,0.01506276150627615,,,,,,,,,0.8732217573221757,,,,,,,,,,,,,,0.0,,,0.01506276150627615,,,,,,,,,0.0,0.0,,,,,,,,,0.0,,,,,0.0,,,,,,,,,,,0.00502092050209205,,,,,0.07656903765690376,0.0,,,,,,
0.010878661087866108,,,0.027615062761506277,,0.005439330543933054,,,,,,,0.8451882845188284,,,,,,,,0.005439330543933054,,,,,,0.0,,,0.010878661087866108,,,,,,,,,0.0,0.0,,,,,,,,,0.0,,,,,0.0,,,,,,,,,,,,,,,,0.09456066945606695,0.0,,,,,,
0.005439330543933054,,,0.005439330543933054,,0.005439330543933054,,,,,,,0.8589958158995816,,,,,,,,0.005439330543933054,0.005439330543933054,,,,,0.0,,,0.011297071129707114,,,,,,,,,0.0,0.0,,,,,,,,,0.0,,,,,0.0,,,,,,,,,,,,,,,,0.09707112970711297,0.0,,,,,,0.005439330543933054
0.00502092050209205,,,0.015899581589958158,,,,,,,,,0.8313807531380752,0.010460251046025104,,,,,,,0.00502092050209205,,,0.010460251046025104,,,0.0,,,0.010460251046025104,,,,,,,,,0.0,0.0,,,,,,,0.010460251046025104,,0.0,,,,,0.0,,,,,,,,,,,,,,,,0.0799163179916318,0.0,,,,,,0.02092050209205021
0.0100418410041841,,,0.02594142259414226,,,,,0.0100418410041841,,,,0.7635983263598327,0.0100418410041841,,,,,,,,,,0.015481171548117154,,,0.0,,,0.0100418410041841,,,,,,,,,0.0,0.0,,,,,,0.0100418410041841,0.020502092050209204,,0.0,,,,,0.0,0.03096234309623431,,,,,,,,,,,,,,,0.07280334728033473,0.0,,,,,,0.020502092050209204
0.014225941422594143,,,0.019246861924686193,,,,,0.014225941422594143,,,,0.799163179916318,0.009623430962343096,,,,,,,,,,0.019246861924686193,,0.014225941422594143,0.0,,,,,,,,,,,,0.0,0.0,,,,,,,0.014225941422594143,,0.0,,,,,0.0,0.014225941422594143,,,,,,,,,,,,,,,0.07698744769874477,0.0,,,,,,0.004602510460251046
0.0041841004184100415,,,0.01799163179916318,,,,,0.0041841004184100415,,,,0.8158995815899581,,,,,,,0.008786610878661089,,,,0.01799163179916318,,0.01799163179916318,0.0,,,0.0041841004184100415,,,,,,,,,0.0,0.0,,,,,,,,,0.0,,,,,0.0,0.013389121338912133,,,,,,,,,,,,,,,0.07280334728033473,0.0,,,,,,0.022594142259414227
0.00502092050209205,,,,,,,,,,,,0.8841004184100418,,,,,,,0.00502092050209205,,,,0.02510460251046025,,,0.0,,,0.00502092050209205,,,,,,,,,0.0,0.0,,,,,,,,,0.0,,,,,0.0,,,,,,,,,,,,,,,,0.060669456066945605,0.0,,,,,,0.01506276150627615
0.00502092050209205,,,,,,,,,,,,0.8108786610878661,,,,,,,,,,,0.02092050209205021,,,0.0,,,,,,,,,,,,0.0,0.0,,,,,,,,,0.0,,,,,0.0,0.02092050209205021,,,,,,,,,,,,,,,0.10543933054393305,0.0,,,,,,0.03682008368200837
,,,,,,,,,,,,0.8443514644351464,,,,,,,,,,,,,,0.0,,,,,,,,,,,,0.0,0.0,,,,,,,,,0.0,,,,,0.0,0.0502092050209205,,,,,,,,,,,,,,,0.08912133891213389,0.0,0.010878661087866108,,,,,0.005439330543933054
,,,0.004602510460251046,,,,,0.004602510460251046,,,,0.8209205020920503,,,,,,,,,,,0.004602510460251046,,,0.0,,,,,,,,,,,,0.0,0.0,,,,,,,,,0.0,,,,,0.0,0.06820083682008368,,,,,,,,,,,,,,,0.06820083682008368,0.0,0.004602510460251046,,,,,0.024267782426778243
,,,,,,,,0.00502092050209205,,,,0.7205020920502092,,,,,,,0.010460251046025104,,,,,,0.00502092050209205,0.0,,,0.00502092050209205,,,,,,,,,0.0,0.0,,,,,,,,,0.0,,,,,0.0,0.02092050209205021,,,,,,,,,,,,,,,0.21213389121338913,0.0,,,,,,0.02092050209205021
,,,0.00502092050209205,,,,,,,,,0.8640167364016736,0.0100418410041841,,,,,,0.01506276150627615,,,,,,0.00502092050209205,0.0,,,0.0100418410041841,,,,,,,,,0.0,0.0,,,,,,,,,0.0,,,,,0.0,0.0200836820083682,,,,,,,,,,,,,,,0.06569037656903766,0.0,,,,,,0.00502092050209205
,,,0.004602510460251046,0.004602510460251046,,,,0.004602510460251046,,,,0.799581589958159,,,,,,0.004602510460251046,0.023430962343096235,,,,,,0.004602510460251046,0.0,,,0.009205020920502092,,,,,,,,,0.0,0.0,,,,0.009205020920502092,,,,,0.0,,,,,0.0,0.013807531380753139,,,,0.004602510460251046,,,,,,,0.009205020920502092,,,,0.09414225941422594,0.0,0.004602510460251046,,,,,0.009205020920502092
,,,0.004602510460251046,,,,,0.004602510460251046,,,,0.8389121338912134,,,0.004602510460251046,,,0.004602510460251046,,,0.004602510460251046,,,,,0.0,,,0.004602510460251046,,,,,,,,,0.0,0.0,,,,,,,,,0.0,,,,,0.0,0.009623430962343096,,,,,,,,,,,,,,,0.11464435146443515,0.0,,,,,0.004602510460251046,0.004602510460251046
,,,,0.00502092050209205,,,,0.00502092050209205,,,,0.8096234309623431,,,0.00502092050209205,,,,,,0.00502092050209205,0.00502092050209205,0.00502092050209205,,,0.0,,,,,,,,,,,,0.0,0.0,,,,,,,,,0.0,,,,,0.0,0.020502092050209204,,,,,0.020502092050209204,,,,,,,,,,0.08326359832635984,0.0,0.00502092050209205,,,0.00502092050209205,,0.02594142259414226
,,,,,,,,0.015481171548117154,,,,0.7271966527196653,,,0.010460251046025104,,,,,,,,,,,0.0,,,,,,,,,,,,0.0,0.0,,,,,,,,,0.0,,,,,0.0,0.03682008368200837,,,,,0.03682008368200837,,,,,,,,,,0.047280334728033474,0.0,0.03682008368200837,,,0.00502092050209205,,0.08410041841004184
,,,0.00502092050209205,,,,,0.03096234309623431,,,,0.7686192468619247,,,0.00502092050209205,,,,,,,,,,,0.0,,0.00502092050209205,,,,,,,,,,0.0,0.0,,,,,,,,,0.0,,,,,0.0,0.046443514644351466,,,,,0.020502092050209204,,,,,,,,,,0.07740585774058577,0.0,0.015481171548117154,,,0.00502092050209205,,0.020502092050209204
,,,0.004602510460251046,,,,,0.004602510460251046,,,,0.9129707112970711,,,,,,,0.004602510460251046,,,,,,,0.0,,,0.004602510460251046,,,,,,,,,0.0,0.0,,,,,,,,,0.0,,,,,0.0,,,,,,,,,,,,,,,,0.06401673640167364,0.0,,,,,,0.004602510460251046
,,,,,,,,,,,,0.8715481171548117,,,,,,,,,,,,,,0.0,,,0.004602510460251046,,,,,,,,,0.0,0.0,,,,,,,,,0.0,,,,,0.0,,,,,,,,,,,,,,,,0.12384937238493723,0.0,,,,,,
,,,0.00502092050209205,,,,,,,,,0.8903765690376569,,,,,,,,,,,,,,0.0,,,,,,,,,,,,0.0,0.0,,,,,,,,,0.0,,,,,0.0,0.00502092050209205,,,,,0.026359832635983262,,,,,,,,,,0.06820083682008368,0.0,,,,,,0.00502092050209205
,,,0.005439330543933054,,,,,,,,,0.7711297071129707,,,,,,,,,,,,,,0.0,,,,,,,,,,,,0.0,0.0,,,,,,,,,0.0,,,,,0.0,0.010878661087866108,,0.005439330543933054,,,,,,,,,,,,,0.1907949790794979,0.0,,,0.005439330543933054,,0.010878661087866108,
,,,0.00502092050209205,,,,,,,,,0.8744769874476988,,,,,,,,,,,,,,0.0,,,,,,,,,,,,0.0,0.0,,,,,,,,,0.0,,,,,0.0,0.00502092050209205,,0.0100418410041841,,,,,,,,,,,,,0.0803347280334728,0.0,,,0.00502092050209205,,0.0100418410041841,0.0100418410041841
,,,0.00502092050209205,,,,,,,,,0.9309623430962343,,,,,,,,,,,,,,0.0,,,,,,,,,,,,0.0,0.0,,,,,,,,,0.0,,,,,0.0,,,,,,,,,,,,,,,,0.05355648535564853,0.0,,,,,0.010460251046025104,
,,,0.014225941422594143,,,,,0.009623430962343096,,,,0.9,0.004602510460251046,,,,,,,,,,,,0.004602510460251046,0.0,,,,,,,,,,,,0.0,0.0,,,,,,,,,0.0,,,,,0.0,0.014225941422594143,,,,,,,,,,,,,,,0.04811715481171548,0.0,,,,,,0.004602510460251046
,,,0.015899581589958158,,,,,0.026778242677824266,,,,0.8292887029288702,,,,,,,0.00502092050209205,,,,,,,0.0,,,,,,,,,,,,0.0,0.0,,,,,,,,,0.0,,,,,0.0,0.021338912133891212,,,,,,,,,,,,,,,0.10167364016736402,0.0,,,,,,
,,,0.009623430962343096,,,,,,,,,0.8259414225941423,,,,,,,,,,,,,,0.0,,,0.004602510460251046,,,,,,,,,0.0,0.0,,,,,,,,,0.0,,,,,0.0,,,,,,,,,,,,,,,,0.1598326359832636,0.0,,,,,,
,,,0.0100418410041841,,,,,,,,,0.8581589958158996,,,,,,,0.0100418410041841,,,,,,,0.0,,,0.00502092050209205,,,,,,,,,0.0,0.0,,,,,,,,,0.0,,,,,0.0,,,,,,,,,,,,,,,,0.10167364016736402,0.0,,,,,0.01506276150627615,
,,,0.009205020920502092,,,,,0.004602510460251046,,,,0.8334728033472804,,,,,,,0.018410041841004185,,,,,,,0.0,,,0.009205020920502092,,,,,,,,,0.0,0.0,,,,,,,,,0.0,,,,,0.0,0.004602510460251046,,,,0.004602510460251046,,,,,,,,,,,0.08828451882845188,0.0,0.004602510460251046,,,,0.013807531380753139,0.009205020920502092
,,,0.014644351464435146,,,,,0.004602510460251046,,,,0.8384937238493724,,,,,,0.004602510460251046,,,,,,,,0.0,,,,,,,,,,,,0.0,0.0,,,,,,,,,0.0,,,,,0.0,0.019665271966527197,,,,,,,,,,,,,,,0.10376569037656903,0.0,0.004602510460251046,,,,0.009623430962343096,
,,,,,,,,,,,,0.8523012552301256,,,,,,0.004602510460251046,,,,,,,,0.0,,,,,,,,,,,,0.0,0.0,,,,,,,,,0.0,,,,,0.0,,,,,,,,,,,,,,,,0.14309623430962343,0.0,,,,,,
,,,,,,,,,,,,0.899581589958159,,,,,,,,,,,0.016736401673640166,,,0.0,,,,,,,,,,,,0.0,0.0,,,,,,,,,0.0,,,,,0.0,,0.005439330543933054,,,,,,,,,,,,,,0.06736401673640167,0.0,0.005439330543933054,,,,,0.005439330543933054
,,,0.011297071129707114,,,,,,,,0.022594142259414227,0.8476987447698745,,,,,,,,,,,0.016736401673640166,,,0.0,,,0.005439330543933054,,,,,,,,,0.0,0.0,,,,,,,,,0.0,,,,,0.0,,,,,,,,,,,,,,,,0.09623430962343096,0.0,,,,,,
,,,0.010460251046025104,,,,0.00502092050209205,,,,0.00502092050209205,0.8188284518828453,,,,,,,0.015899581589958158,,,,0.015899581589958158,,,0.0,,,0.00502092050209205,,,,,,,,,0.0,0.0,,,,,,,,,0.0,,,,,0.0,,,,,,,,,,0.010460251046025104,,,,,,0.10836820083682008,0.0,,,,,,0.00502092050209205
,,,0.011297071129707114,,0.005439330543933054,,,,,,0.005439330543933054,0.8460251046025105,,,,,,,0.005439330543933054,,,,0.01715481171548117,,,0.0,,,,,,,,,,,,0.0,0.0,,,,,,,,,0.0,,,,,0.0,0.005439330543933054,,,,,,,,,,,,,,,0.08661087866108787,0.0,,,,,,0.01715481171548117
,,,0.011715481171548118,,,,,,,,,0.8535564853556485,,,,,,,0.011715481171548118,,,,0.023430962343096235,,,0.0,,,0.005857740585774059,,,,,,,,,0.0,0.0,,,,,,,,,0.0,,,,,0.0,0.035146443514644354,,,,,,,,,,,,,,,0.058577405857740586,0.0,,,,,,
,,,0.010878661087866108,,,,,,,,,0.8368200836820083,,,,,,,0.010878661087866108,,,,0.016317991631799162,,,0.0,,,0.005439330543933054,,,,,,,,,0.0,0.0,,,,,,,,,0.0,,,,,0.0,0.005439330543933054,,,,,0.005439330543933054,,,,,,,,,,0.09246861924686192,0.0,,,,,,0.016317991631799162
,,,,,,,,,,,,0.9297071129707113,,,,,,,0.00502092050209205,,,,0.00502092050209205,,,0.0,,,,,,,,,,,,0.0,0.0,,,,,,,,,0.0,,,,,0.0,,,,,,0.0200836820083682,,,,,,,,,,0.0401673640167364,0.0,,,,,,
,,,,,,,,,,,,0.8815899581589958,,,,,,,0.005439330543933054,,,,,,,0.0,,,,,,,,,,,,0.0,0.0,,,,,,,,,0.0,,,,,0.0,0.02803347280334728,,,,,,,,,,,,,,,0.08493723849372385,0.0,,,,,,
,,,,,,,,,,,,0.8464435146443514,,,,,,,,,,,,,,0.0,,,,,,,,,,,,0.0,0.0,,,,,,,,,0.0,,,,,0.0,0.031799163179916316,,,,,0.00502092050209205,,,,,,,,,,0.11171548117154811,0.0,,,,,,0.00502092050209205
,,,0.0100418410041841,,,,,,,,,0.8489539748953975,,,,,,0.00502092050209205,0.00502092050209205,,,,0.00502092050209205,,,0.0,,,,,,,,,,,,0.0,0.0,,,,,,,,,0.0,,,,,0.0,0.01506276150627615,,,,,0.035146443514644354,,,,,,,,,,0.07573221757322175,0.0,,,,,,
,,,0.015899581589958158,,,,,,,,,0.8820083682008368,,,,,,,,,,,,,,0.0,,,,,,,,,,,,0.0,0.0,,0.00502092050209205,,,,,,,0.0,,,,,0.0,0.015899581589958158,,,,,,,,,,,,,,,0.08117154811715481,0.0,,,,,,
,,,0.0200836820083682,,,,,,,,,0.799163179916318,,,,,,,0.00502092050209205,,,,0.00502092050209205,,,0.0,,0.00502092050209205,0.00502092050209205,,,,,,,,,0.0,0.0,,0.00502092050209205,,,,,,,0.0,,,,,0.0,0.0301255230125523,,,,,,,,,,,,,,,0.12552301255230125,0.0,,,,,,
,,,0.004602510460251046,,,,,0.004602510460251046,,,,0.804602510460251,,,,,,,0.004602510460251046,,0.004602510460251046,,0.004602510460251046,,,0.0,,0.004602510460251046,0.009623430962343096,,,,,0.004602510460251046,,,,0.0,0.0,,,,,,,,,0.0,,,,,0.0,0.024686192468619247,,,,,,,,,,,,,,,0.10920502092050209,0.0,,,,,,0.019665271966527197
,0.005439330543933054,,,,,,,,,,,0.7811715481171548,,,,,,,,,,,,,,0.0,,0.005439330543933054,0.005439330543933054,,,0.02803347280334728,,0.005439330543933054,,,,0.0,0.0,,,,,,,,,0.0,,,,,0.0,0.016736401673640166,,,,,,,,,,,,,,,0.15230125523012553,0.0,,,,,,
,,,,,,,0.005439330543933054,,,,,0.8782426778242678,,,0.005439330543933054,,,,0.005439330543933054,,,,,,,0.0,,0.005439330543933054,0.005439330543933054,,,0.022175732217573223,,0.005439330543933054,,,,0.0,0.0,,,,,,,,,0.0,,,,,0.0,0.016736401673640166,,,,,,,0.005439330543933054,,,,,,,,0.04476987447698745,0.0,,,,,,
,,,0.00502092050209205,,,,,,,,,0.8460251046025105,,,,,,,,,,,0.00502092050209205,,,0.0,,0.00502092050209205,0.00502092050209205,,,0.0100418410041841,,0.00502092050209205,,,,0.0,0.0,,,,,,,,,0.0,,,0.00502092050209205,,0.0,0.00502092050209205,,,,,,,0.0100418410041841,,,,,,,,0.09874476987447699,0.0,,,,,,
,,,0.004602510460251046,,,,,,,,,0.8640167364016736,,,,,,,0.004602510460251046,,,,0.004602510460251046,,,0.0,,0.004602510460251046,,,,,,0.004602510460251046,,,,0.0,0.0,,,,,,,,,0.0,,,,,0.0,0.009623430962343096,,,,,,,0.004602510460251046,,,,,,,0.004602510460251046,0.09414225941422594,0.0,,,,,,
,,,0.009205020920502092,,,,,,,,,0.8686192468619247,,,,,,,,,,,0.01882845188284519,,,0.0,,0.004602510460251046,,,,,,,,,,0.0,0.0,,,,,,,,,0.0,,,,,0.0,0.023430962343096235,,,,,,,,,,,,,,,0.0707112970711297,0.0,,,,,,0.004602510460251046
,,,0.004602510460251046,,,,,,,,,0.8677824267782427,,,,,,,,,,,0.029707112970711297,,,0.0,,0.004602510460251046,,,,,,,0.004602510460251046,,,0.0,0.0,,,,,,,,,0.0,,,,,0.0,0.03472803347280335,,,,,,,,,,,,,,,0.049372384937238493,0.0,,,,,,0.004602510460251046
,,,0.06108786610878661,,,,,,,,,0.7510460251046025,,,,,,,,,,,0.01506276150627615,,,0.0,,0.00502092050209205,,,,,,,0.0100418410041841,,,0.0,0.0,,,,,,,,,0.0,,,,,0.0,0.0200836820083682,,,,,,,,,,,,,,,0.13263598326359832,0.0,,,,,,0.00502092050209205
,,,0.00502092050209205,,,,,,,,,0.8305439330543933,0.010460251046025104,,,,,,,,,,0.015899581589958158,,,0.0,,0.00502092050209205,,,,,,,0.00502092050209205,,,0.0,0.0,,,0.021338912133891212,,,,,,0.0,,,,,0.0,0.026778242677824266,,,,,,,,,,,,,,,0.07489539748953974,0.0,,,,0.00502092050209205,,
,,,,,,,,,,,,0.8619246861924685,0.005439330543933054,,,,,,,,,,0.005439330543933054,,,0.0,,0.005439330543933054,,,,,,,0.005439330543933054,,,0.0,0.0,,,,,,,,,0.0,,,,,0.0,0.022175732217573223,,,,,,,,,,,,,,,0.0887029288702929,0.0,,,,0.005439330543933054,,
,,,,,,,,,,,,0.8648535564853557,,,,,,,,,,,0.005439330543933054,,,0.0,,0.005439330543933054,,,,,,,0.005439330543933054,,,0.0,0.0,,,,,,,,,0.0,,,,,0.0,0.022594142259414227,,,,,,,,,,,,,,,0.09623430962343096,0.0,,,,,,
,,,,,,,,,,,,0.8150627615062762,,,,,,,,0.005857740585774059,,,0.005857740585774059,,,0.0,,0.005857740585774059,,,,,,,0.005857740585774059,,,0.0,0.0,,,,,,,,,0.0,,,,,0.0,0.011715481171548118,,,,0.005857740585774059,,,,,,,,,,,0.14393305439330545,0.0,,,,,,
,,,,,,,,0.00502092050209205,,,,0.8769874476987448,,,,,,,,,,,0.00502092050209205,,,0.0,,,,,,,,,0.00502092050209205,,,0.0,0.0,,,,,,,,,0.0,,,,,0.0,0.03221757322175732,,,,,,,,,,,,,,,0.07573221757322175,0.0,,,,,,
,,,0.010460251046025104,,,,,0.015899581589958158,,,,0.8564853556485356,,,,,,,,,,,0.00502092050209205,,,0.0,,,,,,,,,0.00502092050209205,,,0.0,0.0,,,,,,,,,0.0,,,,,0.0,0.015899581589958158,,,,,,,,,,,,,,,0.08619246861924686,0.0,,,,,0.00502092050209205,
,,,0.005439330543933054,,,,,,,,,0.8125523012552301,0.010878661087866108,,,,,,,,,,0.005439330543933054,,,0.0,,,,,,,,,0.005439330543933054,,,0.0,0.0,,,,0.005439330543933054,,,,,0.0,,,,,0.0,0.005439330543933054,,,,,,,,,,,,,,0.027615062761506277,0.07782426778242678,0.0,0.010878661087866108,,,,0.005439330543933054,0.027615062761506277
,,,0.033891213389121336,,0.011297071129707114,,,,,,,0.6728033472803348,0.011297071129707114,,,,,,,,,,,,,0.0,,,,,,,,,0.005439330543933054,,,0.0,0.0,,0.011297071129707114,,0.011297071129707114,,,,,0.0,,,,,0.0,0.033891213389121336,,,,,0.033891213389121336,,,,,,,,,0.022594142259414227,0.1297071129707113,0.0,,,,,,0.022594142259414227
,,,0.005439330543933054,,,,,,,,,0.8736401673640167,0.011297071129707114,,,,,,,,,,,,,0.0,,,,,,,,,0.005439330543933054,,,0.0,0.0,,,,,,,,,0.0,,,,,0.0,0.02887029288702929,,,,,,,,,,,,,,,0.05815899581589958,0.0,0.01715481171548117,,,,,
,,,,,,,,,,,,0.7920502092050209,,,,,,,,,,,,,,0.0,,,0.0066945606694560665,,,,,,,,,0.0,0.0,,,,,,,,,0.0,,,,,0.0,0.0602510460251046,,,,,,,,,,,,,,,0.08075313807531381,0.0,0.03347280334728033,,,,,0.026778242677824266
,,,,,,,,,,,,0.9309623430962343,,,,,,,,,,,,,,0.0,,,,,,,,,0.006276150627615063,,,0.0,0.0,,,,,,,,,0.0,,,,,0.0,,,,,,,,,,,,,,,,0.02510460251046025,0.0,0.03138075313807531,,,,,0.006276150627615063
,,,,,,,,,,,,0.8493723849372385,,,,,,,,,,,,,,0.0,,,,,,,,,0.005439330543933054,,,0.0,0.0,,,,,,,,,0.0,,,,,0.0,0.0698744769874477,,,,,,,,,,,,,,,0.05230125523012552,0.0,,,,,,0.02301255230125523
,,,0.0301255230125523,,,,,0.005857740585774059,,,,0.7401673640167363,0.005857740585774059,,,,,,,,,,,,,0.0,,,0.005857740585774059,,,,,,,,,0.0,0.0,,,,,,,,,0.0,,,,,0.0,0.024267782426778243,,,,,,,,,,,,,,,0.12133891213389121,0.0,0.0301255230125523,,,,,0.036401673640167366
,,,0.017573221757322177,,,,,,,,,0.8405857740585774,0.017573221757322177,,,,,,,,,,,,,0.0,,,,,,,,,,,,0.0,0.0,,,,,,,,,0.0,,,,,0.0,,,,,,,,,,,,,,,,0.10083682008368201,0.0,0.017573221757322177,,,,,0.005857740585774059
,,,0.005857740585774059,,0.005857740585774059,,,0.005857740585774059,,,,0.8472803347280334,0.011715481171548118,,,,,,,,,,,,,0.0,,,,,,,,,0.005857740585774059,,,0.0,0.0,,,,,,,,,0.0,,,,,0.0,0.029288702928870293,,,,,0.017573221757322177,,,,,,,,,,0.0707112970711297,0.0,,,,,,
,,,,,,,,,,,,0.8288702928870293,0.011715481171548118,,,,,,,,,,0.005857740585774059,,,0.0,,,,,,,,,0.011715481171548118,,,0.0,0.0,,,,,,,,,0.0,,,,,0.0,,,,,,,,,,,,,,,,0.1301255230125523,0.0,,,,,,0.011715481171548118
,,,,,,,,,,,,0.8292887029288702,,,,,,,,,,,0.03430962343096234,,,0.0,,,,,,,,,0.005439330543933054,,,0.0,0.0,,,,,,,,,0.0,,,,,0.0,,,,,,,,,,,,,,,,0.12552301255230125,0.0,0.005439330543933054,,,,,
,,,,,,,,,,,,0.8242677824267782,,,0.010460251046025104,,,,,,,,0.05355648535564853,,,0.0,,,,,,,,,0.00502092050209205,,,0.0,0.0,,,,,,,,,0.0,,,,,0.0,,,,,,,,,,,,,,,,0.0803347280334728,0.0,0.00502092050209205,,,,,0.021338912133891212
,,,,,,,,,,,,0.8736401673640167,,,0.00502092050209205,,,,,,,,0.015899581589958158,,,0.0,,,,,,,,,,,,0.0,0.0,,,,,,,,,0.0,,,,,0.0,,,,,,,,,,,,,,,,0.03682008368200837,0.0,0.04225941422594142,,,,,0.026359832635983262
,,,0.03598326359832636,,,,,,,,,0.7669456066945607,0.005857740585774059,,,,,0.005857740585774059,,,,,0.03598326359832636,,,0.0,,,,,,,,,0.005857740585774059,,,0.0,0.0,,,,,,,,,0.0,,,,,0.0,,,0.011715481171548118,,,0.01799163179916318,,,,,,,,,,0.07196652719665272,0.0,0.04184100418410042,,,,,
,,,0.011715481171548118,,,,,0.023430962343096235,,,,0.6104602510460251,,,,,,0.005857740585774059,,,0.011715481171548118,,0.011715481171548118,,,0.0,,,,,,,,,0.005857740585774059,,,0.0,0.0,,,,0.005857740585774059,,,,,0.0,,,,,0.0,,,,,,0.03556485355648536,,,,,,,,,,0.09456066945606695,0.0,0.0887029288702929,,,,0.047280334728033474,0.047280334728033474
,,,0.011297071129707114,,,,,0.02887029288702929,,,,0.602928870292887,,,,,,,,,0.005439330543933054,,,,,0.0,,,,,,,,,0.011297071129707114,,,0.0,0.0,,,,,,,,,0.0,,,,,0.0,0.01715481171548117,,,,,0.03472803347280335,,,,,,,,,0.011297071129707114,0.18493723849372384,0.0,0.08075313807531381,,,,,0.011297071129707114
,,,0.022594142259414227,,,,,,,,,0.7949790794979079,0.005439330543933054,,,,,,,,,,0.01715481171548117,,,0.0,,,,,,,,,,,,0.0,0.0,,,,,,,,,0.0,,,,,0.0,,,,,,0.01715481171548117,,,,,,,,,0.028451882845188285,0.05146443514644351,0.0,0.05146443514644351,,,,,0.011297071129707114
,,,0.005439330543933054,,,,,0.005439330543933054,,,,0.806694560669456,0.005439330543933054,,,,,,,,,,0.010878661087866108,,,0.0,,,,,,,,,0.005439330543933054,,,0.0,0.0,,,,0.010878661087866108,,,,,0.0,,,,,0.0,,,,,,0.010878661087866108,,,,,,,,,0.022175732217573223,0.08368200836820083,0.0,0.022175732217573223,,,,,0.010878661087866108
,,,0.005439330543933054,,,,,,,,,0.8158995815899581,0.005439330543933054,,,,,,,,,,0.016736401673640166,,,0.0,,,,,,,,,,,,0.0,0.0,,,,,,,,,0.0,,,,,0.0,,,,,,0.005439330543933054,,,,,,,,,,0.13472803347280335,0.0,0.005439330543933054,,,,,0.010878661087866108
,,,0.010878661087866108,,,,,,,,,0.8175732217573222,0.005439330543933054,,,,,,,,,,0.027615062761506277,,,0.0,,,,,,,,,,,,0.0,0.0,,,,,,,,,0.0,,,,,0.0,0.010878661087866108,,,,,,,,,,,,,,,0.08912133891213389,0.0,0.027615062761506277,,,,,0.010878661087866108
,,,0.005439330543933054,,,,,0.005439330543933054,,,,0.689539748953975,,,,,,,,,,,0.02301255230125523,,,0.0,,,,,,,,,,,,0.0,0.0,,,,0.01715481171548117,,,,,0.0,,,,,0.0,0.02887029288702929,,,,,0.02301255230125523,,,,,,,,,0.011297071129707114,0.1619246861924686,0.0,0.02887029288702929,,,,,0.005439330543933054
,,,0.05774058577405858,,,,,,0.011297071129707114,,,0.6322175732217573,,,,,,,,,,,,,,0.0,,,,,,,,,,,,0.0,0.0,,0.005439330543933054,,0.005439330543933054,0.01715481171548117,,,,0.0,,,,,0.0,0.1096234309623431,,,,,0.02301255230125523,,,,,,,,,0.005439330543933054,0.08661087866108787,0.0,0.02887029288702929,,,,,0.01715481171548117
,,,,0.010878661087866108,,,,,,,,0.7979079497907949,0.010878661087866108,,,,,,,,,,,,,0.0,,,,,,,,,,,,0.0,0.0,,0.010878661087866108,,,,,,,0.0,,,,,0.0,0.05481171548117155,,,,,,,,,,,,,,,0.07112970711297072,0.0,,,,,,0.04351464435146443
,,,0.005857740585774059,,,,,,,,,0.8410041841004184,,,,,,,,,,,,,,0.0,,,0.018410041841004185,,,,,,,,,0.0,0.0,,0.005857740585774059,,,,,,,0.0,,,,,0.0,0.030543933054393305,,,,,,,,,,,,,,,0.08619246861924686,0.0,0.012133891213389121,,,,,
,,,,,,,,,,,,0.8857740585774059,,,,,,,,,,,0.011297071129707114,,,0.0,,,,,,,,,,,,0.0,0.0,,,,,,,,,0.0,,,,,0.0,0.011297071129707114,,,,,0.01715481171548117,,,,,,,,,,0.05188284518828452,0.0,0.01715481171548117,,,,,0.005439330543933054
,,,0.010878661087866108,,,,,,,,,0.8723849372384938,,,0.005439330543933054,,,,,,,,,,,0.0,,,,,,,,,,,,0.0,0.0,,,,,,,,,0.0,,,,,0.0,,,,,,0.03347280334728033,,,,,,,,,,0.06694560669456066,0.0,0.010878661087866108,,,,,
,,,0.011297071129707114,,,,,,,,,0.8171548117154812,,,,,,,,,,,,,0.011297071129707114,0.0,,,,,,,,,,,,0.0,0.0,,,,,,,,,0.0,,,,,0.0,,,,,,,,,,,,,,,,0.09205020920502092,0.0,0.03430962343096234,,,0.005439330543933054,,0.028451882845188285
,,,0.00502092050209205,0.00502092050209205,0.00502092050209205,,,,,,,0.7891213389121339,,,,,,,,,0.00502092050209205,,,,0.025523012552301255,0.0,,,,,,,,,,,,0.0,0.0,,,,,,,,,0.0,,,,,0.0,,,,,,,,,,,,,,,,0.1087866108786611,0.0,0.03598326359832636,,,,,0.020502092050209204
,,,0.0100418410041841,,0.00502092050209205,,,,,,,0.7928870292887029,,,,,,,,,0.00502092050209205,,0.00502092050209205,,,0.0,,,,,,,,,,,,0.0,0.0,,,,,,,,,0.0,,,,,0.0,,,,,,0.04686192468619247,,,,,,,,,,0.07824267782426778,0.0,0.03096234309623431,,,,,0.02594142259414226
,,,0.01715481171548117,,,,,,,,,0.8104602510460251,,,,,,,,,0.005439330543933054,,,,,0.0,,,,,,,,,0.011297071129707114,,,0.0,0.0,,,,,,,,,0.0,,,,,0.0,0.005439330543933054,,,,,0.040585774058577405,,,,,,,,,,0.08117154811715481,0.0,0.02301255230125523,,,,,0.005439330543933054
,,,0.005439330543933054,,,,,,,,,0.8677824267782427,,,,,,,,,,,,,,0.0,,,,,,,,,,,,0.0,0.0,,,,,,,,,0.0,,,,,0.0,,,,,,0.010878661087866108,,,,,,0.005439330543933054,,,,0.07740585774058577,0.0,0.010878661087866108,,,,,0.022175732217573223
,,,,,,,,,,,,0.8640167364016736,0.021757322175732216,,,,,,,,,,,,,0.0,,,,,,,,,,,,0.0,0.0,,,,,,,,,0.0,,,,,0.0,0.021757322175732216,,,,,0.010878661087866108,,,,,,,,,,0.06527196652719665,0.0,0.016317991631799162,,,,,
,,,0.005439330543933054,,,,,,,,,0.9096234309623431,0.011297071129707114,,,,,,,,,,,,,0.0,,,,,,,,,,,,0.0,0.0,,,,,,,,,0.0,,,,,0.0,0.005439330543933054,,,,,,,,,,,,,,,0.05690376569037657,0.0,0.011297071129707114,,,,,
,,,,,,,,,,,,0.8945606694560669,0.00502092050209205,,,,,,,,,,0.00502092050209205,,,0.0,,,,,,,,,,,,0.0,0.0,,,,,,,,,0.0,,,,,0.0,,,,,,,,,,,,,,,,0.06359832635983263,0.0,0.031799163179916316,,,,,
,,,,,,,,,,,,0.9125523012552301,,,,,,,,,,,0.005439330543933054,,,0.0,,,,,,,,0.005439330543933054,,,,0.0,0.0,,,,,,,,,0.0,,,,,0.0,,,,,,,,,,,,,,,,0.043933054393305436,0.0,0.021757322175732216,,,,,0.010878661087866108
,,,0.010460251046025104,,0.03765690376569038,,,0.03765690376569038,,,,0.7481171548117156,0.010460251046025104,,,,,,,,,,,,,0.0,,,,,,,,0.00502092050209205,,,,0.0,0.0,,,,,,,,,0.0,,,,,0.0,,,,,,,,,,,,,,,0.00502092050209205,0.10836820083682008,0.0,0.010460251046025104,,,,,0.026778242677824266
,,,0.00502092050209205,,,,,,,,,0.8037656903765691,0.010460251046025104,,,,,,,,,,0.03765690376569038,0.010460251046025104,,0.0,,,,,,,,,,,,0.0,0.0,,0.010460251046025104,,,,,,,0.0,,,,,0.0,0.010460251046025104,,,,,0.03221757322175732,,,,,,,,,0.021338912133891212,0.03221757322175732,0.0,0.00502092050209205,,,,0.010460251046025104,0.010460251046025104
,,,0.00502092050209205,,,,,,,,,0.8192468619246862,0.0100418410041841,,,,,,,,,,0.00502092050209205,,0.0100418410041841,0.0,,,,,,,,,,,,0.0,0.0,,,,0.00502092050209205,,,,,0.0,,,,,0.0,,,,,,,,,,,,,,,0.0100418410041841,0.08535564853556485,0.0,0.0100418410041841,,,,0.0100418410041841,0.0301255230125523
,,,0.00502092050209205,,,,,,,,,0.9025104602510461,,,,,0.00502092050209205,,,,,,,,,0.0,,,,,,,,,,,,0.0,0.0,,,,,,0.00502092050209205,,,0.0,,,,,0.0,,,,,,0.020502092050209204,,,,,,,,,,0.020502092050209204,0.0,0.04142259414225941,,,,,
,,,0.00502092050209205,,,,,,,,,0.9598326359832636,,,,,,,,,,,,,,0.0,,,,,,,,,,,,0.0,0.0,,,,,,,,,0.0,,,,,0.0,,,,,,,,,,,,,,,,0.02510460251046025,0.0,0.0100418410041841,,,,,
,,,0.005439330543933054,,,,,,,,,0.8744769874476988,,,,,,,,,,,0.005439330543933054,,,0.0,,,,,,,,,,,,0.0,0.0,,,,,,,,,0.0,,,,,0.0,,,,,,0.02887029288702929,,,,,,,,,,0.0401673640167364,0.0,0.0401673640167364,,,,,0.005439330543933054
,,,,,,,,,,,,0.9284518828451883,,,,,,,,,,,,,,0.0,,,,,,,,0.005439330543933054,,,,0.0,0.0,,,,,,,,,0.0,,,,,0.0,,,,,,0.010878661087866108,,,,,,,,,,0.027615062761506277,0.0,0.027615062761506277,,,,,
,,,0.005439330543933054,,,0.005439330543933054,,,,,,0.6878661087866109,0.011297071129707114,,,,,,0.005439330543933054,,,,,,,0.0,,,,,,,,0.005439330543933054,,,,0.0,0.0,,,,,,,,,0.0,,,,,0.0,0.011297071129707114,,,,,0.028451882845188285,,,,,,,,,,0.10836820083682008,0.0,0.022594142259414227,,,,,0.10836820083682008
,,,0.005857740585774059,,,,,,,,,0.7707112970711297,0.011715481171548118,,,,,,0.005857740585774059,,,,0.005857740585774059,,,0.0,,,,,,,,,,,,0.0,0.0,,,,,,,,,0.0,,,,,0.0,0.017573221757322177,,,,,0.04686192468619247,,,,,,,,,,0.13556485355648534,0.0,,,,,,
,,0.005857740585774059,0.012133891213389121,,,,,0.005857740585774059,,,,0.7083682008368201,0.012133891213389121,,,,,,,,,,0.01799163179916318,,,0.0,,,0.005857740585774059,,,,,0.005857740585774059,,,,0.0,0.0,,,,,,,,,0.0,,,,,0.0,,,,,,,,,,,,0.012133891213389121,,,,0.20794979079497908,0.0,,,,,,0.005857740585774059
,,,0.005439330543933054,,,,,,,,,0.9451882845188284,,,,,,,,,,,,,,0.0,,,,,,,,,,,,0.0,0.0,,,,,,,,,0.0,,,,,0.0,,,,,,,,,,,,,,,,0.049372384937238493,0.0,,,,,,
,,,0.005857740585774059,,,,,,,,,0.8125523012552301,,,,,,,,,,,,,,0.0,,,,,,,,,,,,0.0,0.0,,0.005857740585774059,,,,,,,0.0,,,,,0.0,0.058577405857740586,,,,,,,,,,,,,,,0.10543933054393305,0.0,,,,,,0.011715481171548118
,,,0.011715481171548118,,,,,,,,,0.7640167364016737,0.017573221757322177,,,,,,,,,,,,,0.0,,,,,,,,,,,,0.0,0.0,,0.005857740585774059,,,,,,,0.0,,,,,0.0,0.12426778242677824,,,,,,,,,,,,,,,0.05313807531380753,0.0,,,,,,0.023430962343096235
,,,0.01297071129707113,,,,,,,,,0.8430962343096234,,,,,,,,,,,,,,0.0,,,0.006276150627615063,,,,,,,,,0.0,0.0,,,,,,,,,0.0,,,,,0.0,0.006276150627615063,,,,,,,,,,,,,,,0.11171548117154811,0.0,,,,,,0.019665271966527197
,,,0.005857740585774059,,,,,,,,,0.8794979079497908,,,,,,,,,,,,,,0.0,,,,,,,,,,,,0.0,0.0,,,,,,,,,0.0,,,,,0.0,0.005857740585774059,,,,,,,,,,,,,,,0.1087866108786611,0.0,,,,,,
,,,0.006276150627615063,,,,,,,,,0.8518828451882845,,,,,,,,,,,,,,0.0,,,,,,,,,,,,0.0,0.0,,,,,,,,,0.0,,,,,0.0,,,,,,,,,,,,,,,,0.1096234309623431,0.0,,,,,,0.03221757322175732
,,,0.006276150627615063,,,,,,,,,0.8531380753138076,,,,,,,,,,,,,,0.0,,,,,,,,,,,,0.0,0.0,,,,,,,,,0.0,,,,,0.0,,,,,,,,,,,,,,,,0.0895397489539749,0.0,,,,,,0.05104602510460251
,,,,,,,,,,,,0.896234309623431,,,,,,,,,,,,,,0.0,,,,,,,,,,,,0.0,0.0,,,,,,,,,0.0,,,,,0.0,,,,,,,,,,,,,,,,0.10376569037656903,0.0,,,,,,
,,,0.0066945606694560665,,,,,0.0066945606694560665,,,,0.8811715481171548,,,,,,,,,0.0066945606694560665,,,,,0.0,,,,,,,,,,,,0.0,0.0,,,,,,,,,0.0,,,,,0.0,0.035146443514644354,,,,,,,,,,,,,,,0.06359832635983263,0.0,,,,,,
,,,,,0.0066945606694560665,,,0.0066945606694560665,,,,0.8652719665271966,,,,,,,,,,,,,,0.0,,,,,,,,,,,,0.0,0.0,,,,,,,,,0.0,,,,,0.0,0.013389121338912133,,,,,,,,,,,,,,,0.09456066945606695,0.0,,,,,,0.013389121338912133
,,,0.01297071129707113,,0.006276150627615063,,,0.006276150627615063,0.01297071129707113,,,0.7594142259414226,,,,,,,0.01297071129707113,,,,,,,0.0,,,,,,,,,,,,0.0,0.0,,,,,,,,,0.0,,,,,0.0,0.03891213389121339,,,,,,,,,,,,,,,0.10460251046025104,0.0,,,,,,0.04560669456066946
,,,0.005857740585774059,,0.012133891213389121,,,0.005857740585774059,0.07405857740585774,,,0.7112970711297071,,,,,,,0.012133891213389121,,,,,,,0.0,,,,,,,,0.005857740585774059,,,,0.0,0.0,,,0.024686192468619247,,,,,,0.0,,,,,0.0,0.05564853556485356,,,,,,,,0.005857740585774059,,,,,,,0.08661087866108787,0.0,,,,,,
,,,,,,,,0.013389121338912133,0.013389121338912133,,,0.8171548117154812,,,,,,,0.0066945606694560665,,,,,,,0.0,,,,,,,,0.0066945606694560665,,,,0.0,0.0,,,,,,,0.0066945606694560665,,0.0,,,,,0.0,0.07489539748953974,,,,,,,,,,,,,,,0.04769874476987448,0.0,,,,,,0.013389121338912133
,,,,,0.006276150627615063,0.006276150627615063,,,,,,0.7769874476987447,,,,,,,0.006276150627615063,,,,,,,0.0,,,,,,,,0.006276150627615063,,,,0.0,0.0,,,,,0.01297071129707113,,,,0.0,,,,,0.0,0.059414225941422594,,,,,,,,,,,,,,,0.1192468619246862,0.0,,,,,,0.006276150627615063
,,,0.012133891213389121,,,,,0.005857740585774059,,,,0.9100418410041841,,,,,,,,,,,,,,0.0,,,,,,,,0.005857740585774059,,,,0.0,0.0,,,,0.005857740585774059,,,,,0.0,,,,,0.0,0.005857740585774059,,,,,,,,,,,,,,,0.04225941422594142,0.0,,,,,,0.012133891213389121
,,,,,,,,,,,,0.897907949790795,,,,,,,,,,,,,,0.0,,,,,,,,,,0.0066945606694560665,,0.0,0.0,,,,,,,,,0.0,,,,,0.0,,,,,,,,,,,,,,,,0.09539748953974896,0.0,,,,,,
,,,,,,,,,,,,0.8560669456066945,,,,,,,,,,,,,,0.0,,,,,,,,,,,,0.0,0.0,,,,,,,,,0.0,,,,,0.0,,,,,,,,,,,,,,,,0.14393305439330545,0.0,,,,,,
,,,,,,,0.005439330543933054,,,,,0.9485355648535565,,,,,,,,,,,,,,0.0,,,,,,,,,,,,0.0,0.0,,,,,,,,,0.0,,,,,0.0,,,,,,,,,,,,,,,,0.04602510460251046,0.0,,,,,,
,,,0.006276150627615063,,,,0.006276150627615063,0.019665271966527197,,,,0.7715481171548118,,,,,,,0.006276150627615063,,,,,,,0.0,,,0.05899581589958159,,,,,,,,,0.0,0.0,,,,,,,,,0.0,,,,0.006276150627615063,0.0,,,,,,,,,,,,,,,,0.11841004184100419,0.0,,,,,,0.006276150627615063
,,0.006276150627615063,,,,,0.019246861924686193,,,,,0.8585774058577407,,,,,,,0.01297071129707113,,,,,0.006276150627615063,,0.0,,,,,,,,,,,,0.0,0.0,,,,,,,,0.006276150627615063,0.0,,,,,0.0,,,,,,,,,,0.006276150627615063,,,,,,0.07782426778242678,0.0,,,,0.006276150627615063,,
,,,,,,,0.012552301255230125,,,,,0.8861924686192468,,,,,,,,,,,,,,0.0,,,,,,,,,,,,0.0,0.0,,,,,,,,,0.0,,,,,0.0,,,,,,,,,,,,,,,,0.10125523012552301,0.0,,,,,,
,,,,,,,,,,,,0.8707112970711297,,,,,,,,,,,,,,0.0,,,,,,,,,,,,0.0,0.0,,,,,,,,,0.0,,,,,0.0,,,,,,0.006276150627615063,,,,,,,,,,0.10376569037656903,0.0,0.006276150627615063,,,,,0.01297071129707113
,,,0.01799163179916318,,0.005857740585774059,,,,,,,0.8606694560669457,,,,,,,,,,,,,,0.0,,,,,,,,,,,,0.0,0.0,,,,,,,,,0.0,,,,,0.0,,,,,,,,,,,,,,,,0.10334728033472804,0.0,,,0.012133891213389121,,,
,,,,0.0066945606694560665,,,,,,,,0.795397489539749,,,,,,,,,,,,,,0.0,,,,,,,,,,,,0.0,0.0,,,,,,,,,0.0,,,,,0.0,0.06861924686192468,,,,,,,,,,,,,,,0.08242677824267783,0.0,0.0066945606694560665,,0.013389121338912133,0.013389121338912133,,0.013389121338912133
,,,,,,,,,,,,0.8790794979079498,,,,,,,,,,,,,,0.0,,,,,,,,,,,,0.0,0.0,,,,,,,,,0.0,,,,,0.0,0.05397489539748954,,,,,,,0.0066945606694560665,,,,,,,,0.0200836820083682,0.0,0.0200836820083682,,0.0066945606694560665,0.013389121338912133,,
,,,0.005857740585774059,,,,,0.018410041841004185,,,,0.7543933054393306,,,,,,,,,,,,,,0.0,,,,,,,,,,,0.005857740585774059,0.0,0.0,,,,,,,,,0.0,,,,,0.0,0.05564853556485356,,,,,,,0.005857740585774059,,,,,,,,0.11129707112970712,0.0,,,0.012133891213389121,0.012133891213389121,,0.018410041841004185
,,,0.005857740585774059,,,,,,,,,0.8251046025104602,,,,,,,,,,,,,,0.0,,,,,,,,,,,,0.0,0.0,,,,,,,,,0.0,,,,,0.0,0.04225941422594142,,,,,,,0.005857740585774059,,,,,,,,0.09707112970711297,0.0,0.005857740585774059,,0.005857740585774059,0.012133891213389121,,
,,,0.01715481171548117,,,,,,,,,0.8451882845188284,,,,,,,,,,,,,,0.0,,,,,,,,,,,,0.0,0.0,,,,0.005439330543933054,,,,,0.0,,,,,0.0,0.01715481171548117,,,,,,,0.005439330543933054,,,,,,,,0.10418410041841004,0.0,,,,,,0.005439330543933054
,,,0.024686192468619247,,0.005857740585774059,,,0.005857740585774059,,,,0.7903765690376569,,,,,,,,,,,,,,0.0,,,,,,,,,,,,0.0,0.0,,,,,0.012133891213389121,,,,0.0,,,,,0.0,0.005857740585774059,,,,,,,,,,,,,,,0.14351464435146444,0.0,0.005857740585774059,,,,,0.005857740585774059
,,,0.006276150627615063,,,,,,,,,0.8556485355648535,,,,,,,,,,,,,,0.0,,,,,,,,,,,,0.0,0.0,,,,,,,,,0.0,,,,,0.0,,,,,,,,,,,,,,,,0.13179916317991633,0.0,0.006276150627615063,,,,,
,,,,,,,,,,,,0.8907949790794979,,,,,,,,,,,,,,0.0,,,,,,,,,,,,0.0,0.0,,,,,,,,,0.0,,,,,0.0,,,,,,,,,,,,,,,,0.10334728033472804,0.0,0.005857740585774059,,,,,
,,,,,,,,,,,,0.897907949790795,,,,,,,,,,,,,,0.0,,,,,,,,,,,,0.0,0.0,,,,,,,,,0.0,,,,,0.0,,,,,,,,,,,,,,,,0.09581589958158995,0.0,0.006276150627615063,,,,,
,,,0.006276150627615063,,,,,0.006276150627615063,,,,0.8757322175732217,,,,,,,,,,,,,,0.0,,,,,,,,,,,,0.0,0.0,,,,0.006276150627615063,,,,,0.0,,,,,0.0,0.006276150627615063,,,,,,,,,,,,,,,0.08661087866108787,0.0,0.006276150627615063,,,,,0.006276150627615063
,,,0.0066945606694560665,,,,,,,,,0.7476987447698744,,,,,,,,,,,,,,0.0,,,,,,,,,,,,0.0,0.0,,,,,,,,,0.0,,,,,0.0,,,,,,,,,,,,,,,,0.24560669456066947,0.0,,,,,,
,,,0.005857740585774059,,,,,,,,,0.9397489539748954,,,,,,,,,,,,,,0.0,,,,,,,,,,,,0.0,0.0,,,,,,,,,0.0,,,,,0.0,,,,,,,,,,,,,,,,0.05439330543933055,0.0,,,,,,
,,,,,,,,,,,,0.8594142259414226,,,,,,,,,,,,,,0.0,,,,,,,,,,,,0.0,0.0,,,,0.012133891213389121,,,,,0.0,,,,,0.0,,,,,,,,,,,,,,,,0.1284518828451883,0.0,,,,,,
,,,,,,,,,,,,0.8815899581589958,,,,,0.005857740585774059,,,,,,,,,0.0,,,,,,,,,,,,0.0,0.0,,,,0.011715481171548118,,,,,0.0,,,,,0.0,,,,,,,,,,,,,,,,0.10083682008368201,0.0,,,,,,
,,,,,,,,,,,,0.905439330543933,,,,,,,,,,,,,,0.0,,,,,,,,,,,,0.0,0.0,,,,,,,,,0.0,,,,,0.0,,,,,,,,,,,,,,,,0.09456066945606695,0.0,,,,,,
,,,0.006276150627615063,,,,,,,,,0.8828451882845189,,,,,,,,,,,0.01297071129707113,,,0.0,,,,,,,,,,,,0.0,0.0,,,,,,,,,0.0,,,0.006276150627615063,,0.0,,,,,,0.006276150627615063,,,,,,,,,,0.08535564853556485,0.0,,,,,,
,,,0.011715481171548118,,,,,,,,,0.8644351464435146,0.011715481171548118,,,,,,,,0.005857740585774059,,,,,0.0,,,,,,,,,,,,0.0,0.0,,,,,,,,,0.0,,,,,0.0,,,,,,,,,,,,,,,,0.0887029288702929,0.0,,,,,,0.017573221757322177
,,,,,,,,,,,,0.8606694560669457,0.012552301255230125,,,,,,,,0.006276150627615063,,,,,0.0,,,,,,,,,,,,0.0,0.0,,,,,,,,,0.0,,,,,0.0,0.03807531380753138,,,,,,,,,,,,,,,0.08242677824267783,0.0,,,,,,
,,,,,,,,,,,,0.9368200836820084,0.012552301255230125,,,,,,,,0.006276150627615063,,,,,0.0,,,,,,,,,,,,0.0,0.0,,,,,,,,,0.0,,,,,0.0,,,,,,,,0.006276150627615063,,,,,,,,0.03807531380753138,0.0,,,,,,
,,,0.012133891213389121,,,,,,,,,0.9025104602510461,0.005857740585774059,,,,0.005857740585774059,,,,,,,,,0.0,,,,,,,,,,,,0.0,0.0,,,,,,,,,0.0,,,,,0.0,,,,,,,,0.005857740585774059,,,,,,,,0.06778242677824267,0.0,,,,,,
,,,,,0.018410041841004185,,,,,,,0.8326359832635983,,,,,,0.005857740585774059,,,,,,,,0.0,,,,,,,,,,,,0.0,0.0,,,,,,,,,0.0,,,,,0.0,0.018410041841004185,,,,,,,,,,,,,,,0.06861924686192468,0.0,,,,,,0.05606694560669456
,,,,,,,,,,,,0.8,,,,,,0.005857740585774059,,,,,,,,0.0,,,,,,,,,,,,0.0,0.0,,,,,,,,,0.0,,,,,0.0,0.060669456066945605,,,,,,,,,,,,,,,0.13347280334728034,0.0,,,,,,
,,,,,,,,,,,,0.8154811715481172,,,,,,,,,,,,,,0.0,,,,,,,,,,,,0.0,0.0,,,,,,,,,0.0,,,,,0.0,0.04895397489539749,,,,,,,,,,,,,,,0.13556485355648534,0.0,,,,,,
,,,,,0.005857740585774059,,,0.024267782426778243,,,,0.69581589958159,0.005857740585774059,,,,,,,,,,0.005857740585774059,,,0.0,,,,,,,,,,,,0.0,0.0,,,,,,,,,0.0,,,,,0.0,0.030543933054393305,,,,,0.01799163179916318,,,,,,,,,,0.1711297071129707,0.0,,,,,,0.042677824267782424
,,,,,,,,,,,,0.798326359832636,0.01882845188284519,,,,,,,,,,,,,0.0,,,,,,,,,,,,0.0,0.0,,,,,,,,,0.0,,,,,0.0,0.0694560669456067,,,,,0.02510460251046025,,0.012552301255230125,,,,,,,,0.07573221757322175,0.0,,,,,,
,,,0.005439330543933054,,0.005439330543933054,,,0.005439330543933054,,,,0.7581589958158995,0.005439330543933054,,,,,,,,,,,,,0.0,,,,,,,,,,,,0.0,0.0,,,,,,,,,0.0,,,,,0.0,0.040585774058577405,,,,,0.005439330543933054,,,,,,,,,,0.16276150627615063,0.0,,,,,,0.011297071129707114
,,,0.005857740585774059,,,,,,,,,0.7807531380753138,0.012133891213389121,,,,,,,,,,,,,0.0,,,,,,,,,,,,0.0,0.0,,,,,,,,,0.0,,,,,0.0,0.030543933054393305,,,,,,,,,,,,,,,0.15271966527196654,0.0,,,,,,0.01799163179916318
,,,0.006276150627615063,,,,,,,,,0.8305439330543933,0.006276150627615063,,,,,,,,,,,,,0.0,,,,,,,,,,,,0.0,0.0,,,,,,,,,0.0,,,,,0.0,0.006276150627615063,,,,,,,,,,,,,,,0.13807531380753138,0.0,0.006276150627615063,,,,,0.006276150627615063
,,,,,,,,,,,,0.9213389121338912,0.012133891213389121,,,,,,,,,,,,,0.0,,,,,,,,,,,,0.0,0.0,,0.005857740585774059,,,,,,,0.0,,,,,0.0,0.005857740585774059,,,,,,,,,,,,,,,0.030543933054393305,0.0,0.024267782426778243,,,,,
,,,,,,,,,,,,0.9217573221757323,,,,,,,,,,,,,,0.0,,,,,,,,,,,,0.0,0.0,,0.006276150627615063,,,,,,,0.0,,,,,0.0,0.006276150627615063,,,,,,,,,,,,,,,0.0397489539748954,0.0,0.01297071129707113,,,0.01297071129707113,,
,,,0.006276150627615063,,,,,,,,,0.9355648535564853,,,,,,,,,,,,,,0.0,,,,,,,,,,,,0.0,0.0,,0.006276150627615063,,,,,,,0.0,,,,,0.0,0.006276150627615063,,,,,,,,,,,,,,,0.019665271966527197,0.0,,,,0.01297071129707113,,0.01297071129707113
,,,,,,,,,,,,0.8882845188284518,0.011715481171548118,,,,,,,,,,,,,0.0,,,,,,,,,,,,0.0,0.0,,,,,,,,,0.0,,,,,0.0,0.005857740585774059,,,,,,,0.005857740585774059,,,,,,,,0.0707112970711297,0.0,,,,0.011715481171548118,,0.005857740585774059
,,,0.01297071129707113,0.006276150627615063,,,,,,,,0.9154811715481171,0.006276150627615063,,,,,,,,,,,,,0.0,,,,,,,,,,,,0.0,0.0,,,,,,,,,0.0,,,,,0.0,,,,,,,,,,,,,,,,0.0397489539748954,0.0,,,,0.01297071129707113,,0.006276150627615063
,,,0.005439330543933054,,,,,,,,,0.9313807531380753,0.005439330543933054,,,,,,,,,,,,,0.0,,,,,,,,,,,,0.0,0.0,,,,,,,,,0.0,,,,,0.0,,,,,,,,,,,,,,,,0.05774058577405858,0.0,,,,,,
,,,,,,,,0.005439330543933054,,,,0.900836820083682,0.010878661087866108,,,,,,,,,,,,,0.0,,,,,,,,,,,,0.0,0.0,,,,,,,,,0.0,,,,,0.0,0.022175732217573223,,,,,,,,,,0.005439330543933054,,,,,0.0497907949790795,0.0,,,,,,0.005439330543933054
,,,,,,,,,,,,0.8799163179916318,,,,,,,0.005439330543933054,,,,,,,0.0,,,,,,,,,,,,0.0,0.0,,,,0.005439330543933054,,,,,0.0,,,,,0.0,0.03807531380753138,,,,,,,,,,0.010878661087866108,,,,,0.0602510460251046,0.0,,,,,,
,,,,,,,,0.005439330543933054,,,,0.7644351464435146,0.005439330543933054,,,,,,0.005439330543933054,0.011297071129707114,,,,,,0.0,,,,,,,,,,,,0.0,0.0,,,,,,,,,0.0,,,,,0.0,0.02301255230125523,,,,0.005439330543933054,,,,,,,,,,0.005439330543933054,0.1686192468619247,0.0,,,,,,0.005439330543933054
