Carson City,Churchill County,Clark County,Douglas County,Elko County,Esmeralda County,Eureka County,Humboldt County,Lander County,Lincoln County,Lyon County,Mineral County,Nye County,Pershing County,Storey County,Washoe County,White Pine County
,,0.09715025906735751,0.038860103626943004,0.05829015544041451,0.2992227979274612,,,,,,,0.4676165803108808,,,0.019430051813471502,0.019430051813471502
,,0.06088082901554404,0.019430051813471502,,0.4727979274611399,,,,,,,0.44689119170984454,,,,
,,0.018134715025906734,,,0.5362694300518135,,0.03626943005181347,,,,,0.37305699481865284,,,0.03626943005181347,
,,0.10103626943005181,,,0.37176165803108807,,,,,,0.019430051813471502,0.44689119170984454,,,0.06088082901554404,
,,0.06865284974093264,,,0.5867875647668394,,,,,,,0.25259067357512954,,,0.09196891191709844,
,,0.16709844559585493,,0.02072538860103627,0.3937823834196891,,,,,,,0.4183937823834197,,,,
,,0.07642487046632124,,,0.5142487046632125,,,,,,,0.40932642487046633,,,,
,0.023316062176165803,0.11917098445595854,,,0.1204663212435233,,,,,0.023316062176165803,0.023316062176165803,0.572538860103627,,0.023316062176165803,0.09455958549222798,
,,0.06994818652849741,,0.046632124352331605,0.08678756476683935,,,,,,0.023316062176165803,0.7033678756476683,,,0.06994818652849741,
,,0.27755102040816326,,0.04183673469387755,0.0,,,,0.02040816326530612,,0.04183673469387755,0.5551020408163265,,,0.06326530612244897,
,,0.5427901524032825,0.01992966002344666,,0.0,,,,,,,0.37514654161781946,,,0.06213364595545135,
,,0.27202072538860106,,,0.24740932642487046,,,,,,,0.37694300518134716,,,0.10362694300518134,
,,0.08419689119170984,,,0.2953367875647669,,,,,,,0.5647668393782384,,,0.05569948186528497,
,,0.06606217616580311,,,0.5336787564766838,,,,,,,0.33419689119170987,,,0.06606217616580311,
,0.025906735751295335,0.025906735751295335,0.025906735751295335,,0.20466321243523322,,,,,,,0.5854922279792746,,,0.13212435233160622,
,0.022020725388601035,0.09067357512953368,,,0.3665803108808291,,,,,,,0.4533678756476684,,,0.06735751295336788,
,,0.12953367875647667,0.02072538860103627,,0.26683937823834203,,,,,,,0.5181347150259067,,,0.06476683937823834,
,,0.23963730569948186,0.025906735751295335,,0.06994818652849744,,,,,0.07901554404145078,,0.4792746113989637,,,0.10621761658031088,
0.04145077720207254,,0.16709844559585493,0.02072538860103627,,0.08031088082901561,,,,,0.04145077720207254,,0.5867875647668394,,,0.06217616580310881,
,,0.2266839378238342,,,0.2590673575129534,,,,,0.04015544041450777,,0.4740932642487047,,,,
,,0.18134715025906736,,,0.4339378238341969,,,,,,,0.3626943005181347,,,0.022020725388601035,
,,0.26424870466321243,,0.019430051813471502,0.22927461139896366,,,,,,,0.44689119170984454,,,0.04015544041450777,
,,0.07772020725388601,,,0.322538860103627,,,,,,,0.4430051813471503,,,0.1567357512953368,
,,0.13730569948186527,,,0.21761658031088071,,,,,,,0.5997409326424871,,,0.04533678756476684,
,,0.17487046632124353,,,0.007772020725388629,,0.05829015544041451,0.019430051813471502,,,,0.6813471502590673,,,0.05829015544041451,
,,0.1800518134715026,,,0.26165803108808294,,0.07901554404145078,0.019430051813471502,,,,0.40025906735751293,,,0.05958549222797927,
,,0.23834196891191708,,,0.3575129533678756,,,0.023316062176165803,,,,0.2862694300518135,,,0.09455958549222798,
,,0.15025906735751296,0.02461139896373057,,0.6256476683937824,,,,,,,0.15025906735751296,,,0.04922279792746114,
,,0.20077720207253885,0.04922279792746114,,0.19818652849740936,,,,,,,0.4015544041450777,,,0.15025906735751296,
,,0.2344559585492228,0.023316062176165803,,0.03886010362694292,,,,,,,0.633419689119171,,,0.06994818652849741,
,0.042746113989637305,0.36658031088082904,0.02072538860103627,,0.13860103626943,,,,,,,0.4106217616580311,,,0.02072538860103627,
,,0.42357512953367876,0.022020725388601035,,0.041450777202072464,,,,,,,0.5129533678756477,,,,
,,0.34585492227979275,,,0.2888601036269429,,,,,,,0.36528497409326427,,,,
,,0.35103626943005184,,,0.2979274611398963,,,,,,,0.35103626943005184,,,,
,,0.26295336787564766,,,0.4520725388601037,,,,,,,0.2849740932642487,,,,
,,0.36658031088082904,,,0.2953367875647668,,,,,,,0.3380829015544041,,,,
,,0.30440414507772023,,,0.25259067357512954,,,,,,,0.4430051813471503,,,,
,,0.45966850828729283,,,0.0,,,,,,0.019889502762430938,0.5204419889502763,,,,
,,0.6199040767386091,,,0.0,,,,,,,0.3800959232613909,,,,
,,0.41450777202072536,,,0.19430051813471505,,,,,,,0.3911917098445596,,,,
,,0.3873056994818653,,,0.22538860103626945,,,,,,,0.3873056994818653,,,,
,,0.23056994818652848,,,0.04922279792746109,,,,,,,0.7202072538860104,,,,
,,0.1834319526627219,,,0.0,,,,,,,0.8165680473372781,,,,
,0.025906735751295335,0.23963730569948186,,,0.015544041450777257,,,,,,,0.7189119170984456,,,,
,,0.25518925518925517,,,0.0,,,,,0.0231990231990232,,0.6056166056166056,,,0.115995115995116,
,,0.4136069114470842,,,0.0,,,,,0.04319654427645788,,0.47840172786177104,,,0.06479481641468683,
,,0.5738341968911918,,,0.11398963730569944,,,,,0.05181347150259067,,0.2344559585492228,,,0.025906735751295335,
,,0.5354416575790621,,,0.0,,,,,0.04580152671755725,,0.3260632497273719,,0.022900763358778626,0.0697928026172301,
,,0.30778301886792453,,,0.0,,,,,0.024764150943396228,,0.5908018867924528,,,0.07665094339622641,
,,0.19430051813471502,,,0.17616580310880836,,,,,0.023316062176165803,,0.582901554404145,,,0.023316062176165803,
0.02140309155766944,,0.31153388822829964,,,0.0,,,,,0.04399524375743163,,0.6016646848989299,,,0.02140309155766944,
,,0.5012853470437018,,,0.0,,,,,0.02570694087403599,,0.42159383033419023,,,0.02570694087403599,0.02570694087403599
,,0.36125,,,0.0,,,,,0.055,,0.55625,,,0.0275,
,,0.13601036269430053,,,0.41191709844559576,,,,,0.022020725388601035,,0.40803108808290156,,,0.022020725388601035,
,0.018500486854917234,0.3213242453748783,,,0.0,,,,,0.018500486854917234,0.03700097370983447,0.5676728334956183,,,0.03700097370983447,
,,0.10362694300518134,,,0.47927461139896377,,,,,,,0.3911917098445596,,,0.025906735751295335,
,,0.2917675544794189,,,0.0,,,,,,,0.6876513317191283,,,0.020581113801452784,
,,0.333729216152019,,,0.0,,,,,0.021377672209026127,,0.6448931116389549,,,,
,,0.3393782383419689,,,0.10362694300518138,,,,,0.023316062176165803,,0.533678756476684,,,,
,,0.2561247216035635,,0.09242761692650334,1.1102230246251565e-16,,,,,0.022271714922048998,,0.5835189309576837,,,,0.045657015590200446
,,0.08678756476683938,,0.042746113989637305,0.4106217616580311,,,,,0.02072538860103627,,0.43911917098445596,,,,
0.04533678756476684,,0.06735751295336788,,,0.43523316062176165,,,,,0.06735751295336788,0.022020725388601035,0.3626943005181347,,,,
,,0.1878238341968912,,,0.3523316062176166,,0.04145077720207254,,,0.04145077720207254,0.02072538860103627,0.35621761658031087,,,,
,,0.4430051813471503,,,0.033678756476683946,,0.13730569948186527,,,0.027202072538860103,,0.3316062176165803,,,0.027202072538860103,
,0.07124352331606218,0.30958549222797926,,,0.050518134715025864,,0.09455958549222798,,,0.046632124352331605,0.046632124352331605,0.35751295336787564,,,0.023316062176165803,
,,0.3337423312883436,,,0.0,,,,,0.023312883435582823,,0.5484662576687117,,,0.09447852760736196,
,,0.49203373945641987,,,0.0,,,,,0.04873477038425492,,0.44329896907216493,,,0.015932521087160263,
,,0.06476683937823834,,,0.3212435233160622,,,,,0.042746113989637305,,0.5712435233160622,,,,
,,0.22538860103626943,,,0.09715025906735764,,,,,0.04922279792746114,,0.5790155440414507,,,0.04922279792746114,
,,0.16709844559585493,,,0.3082901554404145,,,,,0.023316062176165803,,0.5012953367875648,,,,
0.023316062176165803,,0.11658031088082901,,,0.344559585492228,,,,,0.046632124352331605,,0.4689119170984456,,,,
,,0.19689119170984457,,,0.26036269430051817,,,,,0.02461139896373057,,0.5181347150259067,,,,
,,0.14507772020725387,,,0.49222797927461137,,,,,0.023316062176165803,,0.3393782383419689,,,,
,,0.11528497409326424,,,0.4015544041450778,,,,,0.022020725388601035,,0.46113989637305697,,,,
,,0.13471502590673576,,,0.21502590673575128,,,,,0.025906735751295335,,0.6243523316062176,,,,
0.025906735751295335,,0.16191709844559585,,,0.27072538860103623,,,,,0.05310880829015544,,0.4883419689119171,,,,
0.05310880829015544,,0.10621761658031088,,,0.22927461139896377,,,,,0.05310880829015544,,0.5582901554404145,,,,
,0.02849740932642487,0.08549222797927461,,,0.4546632124352332,,,,,0.02849740932642487,,0.4028497409326425,,,,
,,0.09974093264248704,,,0.322538860103627,,,,,0.02461139896373057,,0.5531088082901554,,,,
,,0.10362694300518134,,,0.4015544041450777,,,,,0.05181347150259067,0.025906735751295335,0.3911917098445596,,,0.025906735751295335,
,,0.05699481865284974,,,0.5116580310880829,,,,,0.02849740932642487,,0.34585492227979275,,,0.05699481865284974,
,,0.13082901554404144,,,0.6411917098445596,,,,,0.06476683937823834,,0.13082901554404144,,,0.03238341968911917,
,,0.08549222797927461,,,0.5116580310880829,,,,,0.02849740932642487,,0.3743523316062176,,,,
0.025906735751295335,,0.10621761658031088,,,0.5492227979274611,,,,,0.025906735751295335,,0.2927461139896373,,,,
,,0.02849740932642487,,,0.7124352331606219,,,,,0.02849740932642487,,0.23056994818652848,,,,
,,0.06088082901554404,,,0.8173575129533679,,,,,0.029792746113989636,,0.09196891191709844,,,,
,,0.10103626943005181,,,0.7305699481865285,,,,,0.06735751295336788,,0.10103626943005181,,,,
0.06217616580310881,,0.09326424870466321,,,0.594559585492228,,,,,0.06217616580310881,,0.1567357512953368,,,0.031088082901554404,
,,0.08937823834196891,,,0.8212435233160622,,,,,0.029792746113989636,,0.05958549222797927,,,,
,,0.12564766839378239,,,0.6567357512953368,,,,,0.06217616580310881,,0.09326424870466321,,,0.06217616580310881,
,,0.02849740932642487,,,0.650259067357513,,,,,0.02849740932642487,,0.26424870466321243,,,0.02849740932642487,
,,0.05310880829015544,,,0.7072538860103628,,,,,,,0.23963730569948186,,,,
,0.027202072538860103,,0.027202072538860103,,0.6411917098445595,,,,,,,0.30440414507772023,,,,
,0.05310880829015544,0.05310880829015544,,,0.5479274611398963,,,,,,,0.34585492227979275,,,,
,0.12564766839378239,0.02461139896373057,,,0.5492227979274611,,,,,,0.07512953367875648,0.22538860103626943,,,,
,0.13989637305699482,0.023316062176165803,0.023316062176165803,,0.5569948186528497,,,,,0.023316062176165803,0.023316062176165803,0.16321243523316062,,,0.046632124352331605,
,0.023316062176165803,0.023316062176165803,,,0.6437823834196892,,,,,,,0.30958549222797926,,,,
,0.02072538860103627,0.042746113989637305,,,0.6994818652849741,,,,,,,0.21632124352331605,,,0.02072538860103627,
,0.022020725388601035,0.04533678756476684,,,0.5479274611398963,,,,,,,0.38471502590673573,,,,
,0.025906735751295335,0.025906735751295335,,,0.7914507772020726,,,,,,,0.1567357512953368,,,,
,0.02461139896373057,0.050518134715025906,,,0.6437823834196892,,,,,,,0.2810880829015544,,,,
,,0.05310880829015544,,,0.7616580310880829,,,,,,,0.18523316062176165,,,,
,,0.05958549222797927,0.029792746113989636,,0.7914507772020726,,,,,,,0.11917098445595854,,,,
,,0.025906735751295335,0.05181347150259067,,0.7137305699481865,,,,,,0.025906735751295335,0.18264248704663213,,,,
,,0.023316062176165803,,,0.7862694300518135,,,,,,,0.19041450777202074,,,,
,,,,,0.6606217616580311,,,,,,,0.3393782383419689,,,,
,0.05829015544041451,,,,0.6476683937823835,,,,,,,0.29404145077720206,,,,
,0.027202072538860103,0.027202072538860103,,,0.5233160621761658,,,,,0.027202072538860103,,0.3950777202072539,,,,
,0.06088082901554404,,,,0.6321243523316062,,,,,,,0.3069948186528497,,,,
,0.027202072538860103,0.08290155440414508,,,0.6968911917098446,,,,,,,0.19300518134715025,,,,
,0.025906735751295335,0.025906735751295335,,,0.7396373056994818,,,,,,,0.20854922279792745,,,,
,0.029792746113989636,0.029792746113989636,,,0.7305699481865284,,,,,,,0.20984455958549222,,,,
,0.05569948186528497,0.08419689119170984,,,0.4365284974093264,,,,,,,0.42357512953367876,,,,
,,,,,0.8497409326424871,,,,,,,0.15025906735751296,,,,
,,0.027202072538860103,,,0.7512953367875648,,,,,,,0.22150259067357514,,,,
,,,,,0.677461139896373,,,,,,0.02849740932642487,0.29404145077720206,,,,
,,0.027202072538860103,,,0.8626943005181347,,,,,,,0.11010362694300518,,,,
,,,,,0.7979274611398963,,,,,,,0.20207253886010362,,,,
,,0.03238341968911917,,,0.7046632124352332,,,,,,,0.26295336787564766,,,,
,,,,,0.7176165803108808,,,,,,,0.2823834196891192,,,,
,,,,,0.6463730569948187,,,,,,,0.3536269430051813,,,,
,,0.02849740932642487,0.02849740932642487,,0.8264248704663213,,,,,,,0.11658031088082901,,,,
,,,,,0.8588082901554404,,,,,,0.034974093264248704,0.10621761658031088,,,,
,,0.13082901554404144,,,0.7707253886010363,,,,,,,0.09844559585492228,,,,
,,0.06735751295336788,,,0.8316062176165804,,,,,,0.03367875647668394,0.06735751295336788,,,,
,,0.09196891191709844,,,0.7551813471502591,,,,,,,0.15284974093264247,,,,
,,0.1878238341968912,,,0.49870466321243523,,,,,0.06217616580310881,,0.25129533678756477,,,,
,,0.031088082901554404,,,0.8082901554404145,,,,,,,0.16062176165803108,,,,
,,0.05829015544041451,,,0.7953367875647668,,,,,,,0.14637305699481865,,,,
,,0.02849740932642487,,,0.7409326424870466,,,,,,,0.23056994818652848,,,,
,,0.025906735751295335,,,0.8950777202072538,,,,,,,0.07901554404145078,,,,
,,0.03367875647668394,,,0.8652849740932642,,,,,,,0.10103626943005181,,,,
,,,0.03238341968911917,,0.7370466321243523,,,,,,,0.23056994818652848,,,,
,,0.03238341968911917,,,0.705958549222798,,,,,,0.06476683937823834,0.19689119170984457,,,,
,,0.06476683937823834,,,0.8367875647668394,,,,,,,0.09844559585492228,,,,
,,,,,0.616580310880829,,,,,,,0.38341968911917096,,,,
,,0.19300518134715025,,,0.6463730569948187,,,,,,,0.16062176165803108,,,,
,,0.025906735751295335,,,0.6826424870466321,,,0.025906735751295335,,,,0.2655440414507772,,,,
,,,,,0.8562176165803109,,,,,,0.02849740932642487,0.11528497409326424,,,,
,,,,,0.7538860103626943,,,,,,0.02461139896373057,0.22150259067357514,,,,
,,,,,0.5906735751295337,,,,,,,0.40932642487046633,,,,
,,0.02461139896373057,,,0.7046632124352332,,,,,,,0.2707253886010363,,,,
,,,,,0.6904145077720207,,,,,,0.027202072538860103,0.2823834196891192,,,,
,,,,,0.6645077720207254,,,,,,0.029792746113989636,0.2759067357512953,,,0.029792746113989636,
,,,,,0.8950777202072538,,,,,,0.025906735751295335,0.07901554404145078,,,,
,,,,,0.8147668393782384,,,,,,,0.18523316062176165,,,,
,,,,,0.7409326424870466,,,,,,,0.25906735751295334,,,,
,,0.05569948186528497,,,0.7474093264248705,,,,,,,0.19689119170984457,,,,
,0.07253886010362694,0.023316062176165803,,,0.6619170984455959,,,,,,,0.2422279792746114,,,,
,,0.11528497409326424,,,0.6269430051813472,,,,,,,0.172279792746114,,,0.08549222797927461,
,,0.1411917098445596,,,0.7176165803108808,,,,,,,0.1411917098445596,,,,
,,0.022020725388601035,,,0.7474093264248705,,,,,,,0.23056994818652848,,,,
,,0.06735751295336788,0.022020725388601035,,0.6839378238341969,,,,,,0.04533678756476684,0.18134715025906736,,,,
,,,0.027202072538860103,,0.7202072538860104,,,,,,0.027202072538860103,0.22538860103626943,,,,
,0.06735751295336788,,,,0.7059585492227979,,,,,,0.04533678756476684,0.18134715025906736,,,,
,,,,,0.7746113989637305,,,,,,,0.22538860103626943,,,,
,0.025906735751295335,,,,0.7046632124352332,,,,,,,0.21632124352331605,,,0.05310880829015544,
,,0.04533678756476684,0.04533678756476684,,0.6787564766839378,,,,,,,0.23056994818652848,,,,
,,,0.07512953367875648,,0.7746113989637305,,,,,,,0.15025906735751296,,,,
,,,0.05829015544041451,,0.6178756476683938,,,,,,,0.3238341968911917,,,,
,,,,,0.7461139896373057,,,,,,,0.23316062176165803,,,0.02072538860103627,
,0.02461139896373057,,,0.02461139896373057,0.5932642487046632,,,,,,0.02461139896373057,0.3329015544041451,,,,
,0.19689119170984457,0.02461139896373057,0.02461139896373057,,0.35880829015544036,,,,,,0.04922279792746114,0.34585492227979275,,,,
,,0.2189119170984456,0.02072538860103627,0.042746113989637305,0.3471502590673575,,,,,,0.02072538860103627,0.3290155440414508,0.02072538860103627,,,
,,0.266839378238342,,,0.15414507772020725,,,,,,0.022020725388601035,0.5349740932642487,0.022020725388601035,,,
,,0.06865284974093264,,,0.6567357512953368,,,,,,,0.25259067357512954,0.022020725388601035,,,
,,0.027202072538860103,,,0.6968911917098446,,,,,,,0.2759067357512953,,,,
,,0.08937823834196891,,,0.6101036269430051,,,,,,,0.2707253886010363,0.029792746113989636,,,
,,,,,0.5492227979274611,,,,,,,0.4209844559585492,0.029792746113989636,,,
0.08290155440414508,,,,,0.5595854922279793,,,,,0.027202072538860103,0.054404145077720206,0.24870466321243523,0.027202072538860103,,,
,,0.06735751295336788,,,0.6295336787564767,,,,,,,0.2694300518134715,0.03367875647668394,,,
0.027202072538860103,,,0.027202072538860103,,0.6696891191709845,,,,,,,0.24870466321243523,0.027202072538860103,,,
0.023316062176165803,0.023316062176165803,0.023316062176165803,0.023316062176165803,,0.5738341968911918,,,,,0.046632124352331605,,0.2862694300518135,,,,
,0.025906735751295335,0.10621761658031088,,,0.28367875647668395,,,,,0.025906735751295335,,0.4520725388601036,,,0.10621761658031088,
,0.025906735751295335,0.025906735751295335,,,0.47927461139896377,,,,,0.05181347150259067,,0.4170984455958549,,,,
,,0.05310880829015544,,,0.41709844559585496,,,,,0.05310880829015544,0.025906735751295335,0.42487046632124353,,,0.025906735751295335,
,,0.16062176165803108,,0.12823834196891193,0.1023316062176165,,,,,0.06347150259067358,0.031088082901554404,0.5142487046632125,,,,
0.025906735751295335,0.07772020725388601,0.18264248704663213,,0.20854922279792745,0.2189119170984456,,,,,0.025906735751295335,0.05181347150259067,0.20854922279792745,,,,
0.025906735751295335,,0.07901554404145078,,0.07901554404145078,0.36398963730569944,,,,,,,0.39896373056994816,,,0.05310880829015544,
,,0.02849740932642487,,0.08549222797927461,0.5129533678756477,,,,,0.08549222797927461,,0.23056994818652848,,,0.05699481865284974,
,,,,,0.5505181347150259,,,,,0.029792746113989636,,0.33031088082901555,,,0.08937823834196891,
0.025906735751295335,,,,,0.5841968911917098,,,,,0.025906735751295335,,0.2862694300518135,,,0.07772020725388601,
0.046632124352331605,,,,,0.5505181347150259,,,,,0.046632124352331605,0.023316062176165803,0.19041450777202074,,0.023316062176165803,0.11917098445595854,
0.05310880829015544,,,,,0.5155440414507773,,,,,0.025906735751295335,,0.24352331606217617,,,0.16191709844559585,
0.025906735751295335,,0.025906735751295335,,0.025906735751295335,0.4546632124352332,,,,,0.05181347150259067,0.025906735751295335,0.2603626943005181,0.025906735751295335,,0.10362694300518134,
,,,0.025906735751295335,0.07901554404145078,0.6826424870466321,,,,,,,0.21243523316062177,,,,
,,0.027202072538860103,,0.11269430051813471,0.6645077720207254,,,,,0.027202072538860103,,0.16839378238341968,,,,
,,0.19300518134715025,,,0.30958549222797926,,,,,0.027202072538860103,,0.30440414507772023,,,0.16580310880829016,
,,,,,0.48834196891191706,,,,,0.10233160621761658,,0.3069948186528497,,,0.10233160621761658,
,0.02461139896373057,0.04922279792746114,,,0.6308290155440415,,,,,0.02461139896373057,0.09844559585492228,0.09844559585492228,,,0.07383419689119171,
,,,,,0.4455958549222798,,0.023316062176165803,,,0.023316062176165803,0.023316062176165803,0.16968911917098445,,,0.31476683937823835,
,,0.04922279792746114,,0.02461139896373057,0.34974093264248707,,0.02461139896373057,,,0.07512953367875648,0.09974093264248704,0.20077720207253885,,,0.17616580310880828,
,,,,0.19689119170984457,0.6619170984455959,,,,,,,0.1411917098445596,,,,
,,0.02461139896373057,,0.10233160621761658,0.6178756476683938,,,,,0.02461139896373057,,0.23056994818652848,,,,
,,,,,0.8406735751295337,,,,,0.022020725388601035,,0.06865284974093264,,,0.06865284974093264,
,,0.13212435233160622,,,0.6826424870466321,,,,,0.025906735751295335,,0.05310880829015544,,,0.10621761658031088,
,0.02072538860103627,0.02072538860103627,,,0.7202072538860104,,,,,0.02072538860103627,,0.08678756476683938,,,0.13082901554404144,
,,0.07124352331606218,,,0.6437823834196891,,,,,0.023316062176165803,,0.16709844559585493,,,0.09455958549222798,
,,0.050518134715025906,,,0.6696891191709845,,,,,0.02461139896373057,0.07642487046632124,0.10233160621761658,,,0.07642487046632124,
,,0.07253886010362694,,,0.4909326424870466,,,,,0.07253886010362694,0.09715025906735751,0.16968911917098445,,,0.09715025906735751,
,,0.04533678756476684,,0.022020725388601035,0.7512953367875648,,,,,0.04533678756476684,,0.09067357512953368,,,,0.04533678756476684
,,0.046632124352331605,,,0.716321243523316,,,,,0.023316062176165803,0.023316062176165803,0.11917098445595854,,,0.07124352331606218,
,,0.02461139896373057,,,0.7474093264248705,,,,,0.02461139896373057,,0.12694300518134716,,,0.07642487046632124,
,,0.023316062176165803,,,0.645077720207254,,,,,0.023316062176165803,,0.2616580310880829,,,0.046632124352331605,
,,0.02849740932642487,,,0.7681347150259067,,,,,0.02849740932642487,,0.11658031088082901,,,0.05829015544041451,
,,0.15284974093264247,,0.029792746113989636,0.29663212435233166,,,,,0.06088082901554404,0.12305699481865284,0.2759067357512953,,,0.06088082901554404,
,,0.13212435233160622,,,0.5764248704663213,,,0.025906735751295335,,,,0.2655440414507772,,,,
0.02461139896373057,,,0.02461139896373057,,0.6761658031088082,,,0.02461139896373057,,0.02461139896373057,0.02461139896373057,0.20077720207253885,,,,
,,,,,0.7655440414507773,,,,,,,0.2344559585492228,,,,
,,0.23056994818652848,,,0.36010362694300513,,,,,,,0.3588082901554404,,,0.050518134715025906,
,,,,,0.6904145077720207,,,,,,,0.30958549222797926,,,,
,,,,,0.7655440414507773,,,,,,,0.20595854922279794,,0.02849740932642487,,
,,0.02461139896373057,,,0.7746113989637305,,,,,,,0.20077720207253885,,,,
,,,,,0.5829015544041452,,,,,,0.031088082901554404,0.3860103626943005,,,,
,,,,,0.48963730569948183,,,,0.029792746113989636,,0.029792746113989636,0.4209844559585492,,,0.029792746113989636,
,,,,,0.4818652849740932,,,,0.02849740932642487,,,0.4896373056994819,,,,
,,0.02849740932642487,,,0.7370466321243523,,,,0.02849740932642487,,,0.20595854922279794,,,,
,,0.025906735751295335,,,0.4417098445595855,,,,0.05310880829015544,,,0.4792746113989637,,,,
,,,,,0.4650259067357513,,,,0.027202072538860103,,,0.5077720207253886,,,,
,,,,0.029792746113989636,0.36917098445595853,,,0.029792746113989636,0.029792746113989636,,0.029792746113989636,0.5116580310880829,,,,
,,,,0.02849740932642487,0.6502590673575129,,,0.02849740932642487,0.05829015544041451,,,0.2344559585492228,,,,
,,0.027202072538860103,,,0.5518134715025906,,,,0.05569948186528497,,0.05569948186528497,0.2538860103626943,,,0.05569948186528497,
,,0.05310880829015544,,0.07901554404145078,0.44430051813471494,,,,0.025906735751295335,,0.025906735751295335,0.31865284974093266,,,0.05310880829015544,
,,0.027202072538860103,,0.027202072538860103,0.44818652849740936,,,,0.027202072538860103,,,0.4430051813471503,,,,0.027202072538860103
,,,,,0.7240932642487047,,,,,,,0.2759067357512953,,,,
,,,,,0.5854922279792747,,,,,,,0.41450777202072536,,,,
,,,,,0.5854922279792747,,,,,,0.027202072538860103,0.3873056994818653,,,,
,,0.027202072538860103,,,0.5492227979274611,,,,,,,0.42357512953367876,,,,
,,0.04922279792746114,,,0.6541450777202072,,,,,,,0.2966321243523316,,,,
,,,,,0.6256476683937824,,,,,,,0.3743523316062176,,,,
,,0.050518134715025906,,,0.5142487046632125,,,,,,,0.43523316062176165,,,,
,,,,,0.48445595854922274,,,,,,,0.5155440414507773,,,,
,,,,,0.6930051813471503,,,,,,,0.3069948186528497,,,,
0.11917098445595854,0.08937823834196891,,,,0.2823834196891192,,,,,0.029792746113989636,0.08937823834196891,0.3601036269430052,,,0.029792746113989636,
,,0.05829015544041451,,,0.5297927461139896,,,,,,,0.4119170984455959,,,,
,,,,,0.6981865284974094,,,,,,,0.3018134715025907,,,,
0.02849740932642487,,,0.05699481865284974,,0.5401554404145077,,,,,,0.02849740932642487,0.34585492227979275,,,,
,,,,,0.4546632124352331,,,,,,0.06347150259067358,0.25647668393782386,,,0.22538860103626943,
,0.029792746113989636,0.029792746113989636,,,0.5427461139896373,,,,,0.029792746113989636,0.06088082901554404,0.24611398963730569,,,0.06088082901554404,
,,0.02461139896373057,,0.07383419689119171,0.4818652849740933,,0.02461139896373057,,,,,0.3704663212435233,,,0.02461139896373057,
,,0.09844559585492228,,0.06476683937823834,0.2772020725388601,,,,,,,0.5595854922279793,,,,
,,0.03238341968911917,,,0.6709844559585492,,,,,,,0.2966321243523316,,,,
,0.03367875647668394,0.10103626943005181,,,0.3924870466321243,,,,,,,0.4727979274611399,,,,
0.023316062176165803,0.07253886010362694,0.04792746113989637,,,0.4468911917098446,,,,,0.023316062176165803,0.023316062176165803,0.2914507772020725,0.023316062176165803,,0.04792746113989637,
,0.133419689119171,0.04404145077720207,,,0.08808290155440412,,,,,,0.04404145077720207,0.42357512953367876,0.06606217616580311,,0.20077720207253885,
,0.07124352331606218,,,,0.6437823834196892,,,,0.023316062176165803,,,0.2616580310880829,,,,
,,,,,0.5958549222797928,,,,0.023316062176165803,,0.023316062176165803,0.35751295336787564,,,,
,,0.19689119170984457,,0.04922279792746114,0.26036269430051806,,,,0.02461139896373057,,0.02461139896373057,0.44430051813471505,,,,
,,0.07512953367875648,,0.09974093264248704,0.37305699481865284,,,,0.02461139896373057,,,0.4274611398963731,,,,
,,,,0.09196891191709844,0.47150259067357514,,,,0.022020725388601035,,,0.41450777202072536,,,,
,,0.172279792746114,0.02072538860103627,0.02072538860103627,0.4196891191709844,,,,,,,0.36658031088082904,,,,
,0.027202072538860103,0.19300518134715025,,0.027202072538860103,0.227979274611399,,,,,,0.027202072538860103,0.49740932642487046,,,,
,0.023316062176165803,,,0.09326424870466321,0.36787564766839376,0.023316062176165803,,0.023316062176165803,,,,0.4689119170984456,,,,
,0.08678756476683938,,,0.06476683937823834,0.4339378238341969,,,0.02072538860103627,,,0.042746113989637305,0.35103626943005184,,,,
,0.019430051813471502,,,0.05829015544041451,0.48963730569948194,,,,,,0.019430051813471502,0.3549222797927461,,,0.05829015544041451,
,,0.025906735751295335,,0.025906735751295335,0.5051813471502591,,,,,,,0.3134715025906736,,,0.12953367875647667,
,,,,,0.5310880829015544,,,,,,0.04922279792746114,0.3950777202072539,,,0.02461139896373057,
,,0.042746113989637305,,,0.5867875647668394,,,,,,0.042746113989637305,0.3069948186528497,,,0.02072538860103627,
,,0.023316062176165803,0.023316062176165803,,0.48445595854922274,,,,0.023316062176165803,,,0.422279792746114,,,0.023316062176165803,
,,0.20854922279792745,0.025906735751295335,,0.3484455958549224,,0.025906735751295335,0.025906735751295335,,,0.025906735751295335,0.3393782383419689,,,,
,,0.266839378238342,,,0.17746113989637313,,0.04792746113989637,,0.023316062176165803,,0.023316062176165803,0.46113989637305697,,,,
,,0.3026151930261519,,0.09339975093399751,0.0,0.0224159402241594,0.06973848069738481,,0.0460772104607721,,0.06973848069738481,0.3960149439601494,,,,
,,0.10621761658031088,,0.05310880829015544,0.3354922279792746,,,,0.05310880829015544,,,0.4520725388601036,,,,
,,0.16580310880829016,,0.054404145077720206,0.3380829015544041,,0.027202072538860103,,0.027202072538860103,,,0.3873056994818653,,,,
,,0.16191709844559585,,0.025906735751295335,0.6243523316062176,,0.05310880829015544,,,,,0.13471502590673576,,,,
,,0.08419689119170984,,0.05569948186528497,0.5803108808290156,,,,,,0.05569948186528497,0.16839378238341968,,,0.05569948186528497,
,,,,,0.6049222797927462,,,,,,0.02461139896373057,0.2966321243523316,,,0.07383419689119171,
,,,,,0.5220207253886011,,,,,,0.027202072538860103,0.2538860103626943,,0.08419689119170984,0.11269430051813471,
,,0.08290155440414508,,,0.5854922279792746,,,,,,,0.3316062176165803,,,,
,,,,,0.7137305699481865,,,,,,,0.2862694300518135,,,,
,,0.023316062176165803,,,0.6955958549222798,,,,,,0.023316062176165803,0.25777202072538863,,,,
,,,,,0.8005181347150259,,,,,0.07512953367875648,0.07512953367875648,0.04922279792746114,,,,
,,,,,0.6295336787564767,,,,,,0.02461139896373057,0.32124352331606215,,,,0.02461139896373057
,,0.02461139896373057,,,0.38860103626943,,,,,,0.050518134715025906,0.5116580310880829,,,0.02461139896373057,
,,0.06994818652849741,0.023316062176165803,,0.4145077720207254,,,,,,0.023316062176165803,0.44559585492227977,,,0.023316062176165803,
,,0.05181347150259067,0.05181347150259067,,0.42616580310880825,,,,,,,0.47020725388601037,,,,
0.023316062176165803,0.14507772020725387,0.07253886010362694,0.023316062176165803,,0.1295336787564767,,,,,,0.04792746113989637,0.5582901554404145,,,,
,0.07124352331606218,0.046632124352331605,,,0.3834196891191709,,,0.023316062176165803,,0.07124352331606218,0.046632124352331605,0.33419689119170987,,,,0.023316062176165803
,,0.023316062176165803,,0.046632124352331605,0.6023316062176166,,,0.023316062176165803,,,0.023316062176165803,0.2810880829015544,,,,
,,0.04145077720207254,0.02072538860103627,,0.6658031088082901,,,,,,0.02072538860103627,0.23056994818652848,,,0.02072538860103627,
,,0.05310880829015544,0.025906735751295335,,0.44430051813471505,,,,,,0.07901554404145078,0.21243523316062177,,,0.18523316062176165,
,,0.04792746113989637,,,0.32383419689119175,,,,,0.023316062176165803,0.04792746113989637,0.3393782383419689,,,0.21761658031088082,
0.022020725388601035,,0.06865284974093264,,,0.4028497409326426,,,,,,0.09196891191709844,0.41450777202072536,,,,
,,0.06217616580310881,,,0.6243523316062176,,,,,,0.08290155440414508,0.23056994818652848,,,,
,,0.19689119170984457,,,0.4326424870466321,,,,,,,0.3704663212435233,,,,
,,0.027202072538860103,,,0.6683937823834196,,,,,,,0.30440414507772023,,,,
,,0.12953367875647667,,,0.4015544041450777,0.025906735751295335,,,,,,0.4430051813471503,,,,
,,0.10233160621761658,,,0.538860103626943,,,,,,,0.3588082901554404,,,,
,,0.09196891191709844,0.022020725388601035,,0.5647668393782384,,,,,,0.022020725388601035,0.29922279792746115,,,,
,,,,,0.677461139896373,,,,,,,0.3225388601036269,,,,
,,,,,0.5634715025906736,,,,,0.09196891191709844,0.04533678756476684,0.29922279792746115,,,,
,,,0.025906735751295335,,0.6502590673575129,,,,,,0.025906735751295335,0.2979274611398964,,,,
0.05958549222797927,,,,,0.43134715025906734,,,,0.029792746113989636,,0.029792746113989636,0.33031088082901555,,,0.11917098445595854,
,,0.18523316062176165,,,0.4430051813471503,,,,,,,0.2927461139896373,,,0.07901554404145078,
,0.10233160621761658,0.07642487046632124,,,0.48963730569948183,,,,,,0.02461139896373057,0.23056994818652848,,,0.07642487046632124,
,,0.23963730569948186,,,0.09974093264248707,,,,,,,0.4805699481865285,,,0.1800518134715026,
,,0.07124352331606218,,,0.6204663212435233,,,,,0.023316062176165803,,0.19041450777202074,,,0.09455958549222798,
,,,,0.023316062176165803,0.7202072538860104,,,,,,0.023316062176165803,0.13989637305699482,,,0.09326424870466321,
,,0.054404145077720206,,,0.5595854922279793,,,,,,,0.3588082901554404,,,0.027202072538860103,
,,0.027202072538860103,,,0.6347150259067358,,,,,,,0.2823834196891192,,,0.05569948186528497,
,,,,,0.7072538860103628,,,,,,,0.2344559585492228,,,0.05829015544041451,
,,0.18523316062176165,,,0.5764248704663213,,,,,,,0.18523316062176165,,,0.05310880829015544,
,,0.13212435233160622,,,0.4689119170984456,,,,,,,0.2927461139896373,,,0.10621761658031088,
,,0.05569948186528497,,,0.6619170984455959,,,,,,0.1411917098445596,0.1411917098445596,,,,
,,,,,0.7085492227979275,,,,,,0.10621761658031088,0.18523316062176165,,,,
,,,,,0.832901554404145,,,,,,,0.16709844559585493,,,,
,,0.16191709844559585,,,0.6489637305699482,,,,,,,0.18911917098445596,,,,
,,0.04922279792746114,,,0.6243523316062176,,,,,,,0.32642487046632124,,,,
,,0.04533678756476684,,,0.7707253886010363,,,,,,,0.18393782383419688,,,,
,,,,,0.7577720207253886,,,,,,,0.2422279792746114,,,,
,0.03238341968911917,0.06476683937823834,,,0.47538860103626945,,,,,,,0.23056994818652848,,,0.19689119170984457,
,,0.05181347150259067,,,0.6619170984455958,,,,,,,0.10362694300518134,,,0.18264248704663213,
,0.08808290155440414,0.02849740932642487,,,0.5323834196891192,,,,,,0.02849740932642487,0.26424870466321243,,,0.05829015544041451,
,,0.1567357512953368,,,0.6230569948186528,,,,,,,0.22020725388601037,,,,
,,0.22538860103626943,,0.05569948186528497,0.4365284974093264,,,,,,,0.2823834196891192,,,,
,,0.11269430051813471,,0.04533678756476684,0.616580310880829,0.022020725388601035,,,,,,0.2033678756476684,,,,
,,,,0.02849740932642487,0.5906735751295338,0.02849740932642487,,,,,,0.3238341968911917,,,0.02849740932642487,
,,0.5522260273972602,,0.05136986301369863,0.0,0.017123287671232876,,,,,,0.3792808219178082,,,,
,,0.172279792746114,,0.05699481865284974,0.5129533678756477,0.02849740932642487,,,,,,0.20077720207253885,,,0.02849740932642487,
,,0.023316062176165803,0.023316062176165803,0.023316062176165803,0.5971502590673576,0.023316062176165803,,,,,,0.30958549222797926,,,,
,,0.025906735751295335,0.025906735751295335,0.10751295336787564,0.5984455958549223,0.025906735751295335,,,,,,0.21632124352331605,,,,
,,0.03367875647668394,,0.06865284974093264,0.48445595854922274,0.03367875647668394,,,,,,0.3795336787564767,,,,
,,0.09196891191709844,,0.09196891191709844,0.5103626943005182,,,,,,0.029792746113989636,0.24611398963730569,,,0.029792746113989636,
,,0.34585492227979275,0.02849740932642487,0.11528497409326424,0.25129533678756477,,,,,,0.02849740932642487,0.23056994818652848,,,,
,,0.08678756476683938,0.02072538860103627,0.02072538860103627,0.5867875647668394,,,,,,,0.2849740932642487,,,,
,,0.06865284974093264,,0.09196891191709844,0.6101036269430052,0.022020725388601035,,,,,,0.20725388601036268,,,,
,,0.029792746113989636,,0.08937823834196891,0.4909326424870466,0.029792746113989636,,,,,,0.3601036269430052,,,,
,,,0.02461139896373057,0.050518134715025906,0.41709844559585496,0.02461139896373057,,0.02461139896373057,,0.07642487046632124,0.02461139896373057,0.2810880829015544,,,0.07642487046632124,
,,,0.02849740932642487,0.08549222797927461,0.4831606217616581,0.02849740932642487,,,,,0.02849740932642487,0.34585492227979275,,,,
,,,0.02461139896373057,0.02461139896373057,0.555699481865285,,0.02461139896373057,,,,,0.34585492227979275,,0.02461139896373057,,
,,,0.027202072538860103,,0.7202072538860104,,0.027202072538860103,,,,,0.22538860103626943,,,,
0.023316062176165803,,0.023316062176165803,0.13989637305699482,,0.7202072538860104,,,,,,,0.09326424870466321,,,,
,0.022020725388601035,,0.022020725388601035,,0.8005181347150259,,,,,,,0.15544041450777202,,,,
,0.02072538860103627,0.02072538860103627,0.02072538860103627,,0.7707253886010363,,,,,,,0.14637305699481865,0.02072538860103627,,,
,0.02461139896373057,0.22538860103626943,,,0.39896373056994827,,,,,,,0.32642487046632124,0.02461139896373057,,,
,0.023316062176165803,0.14507772020725387,,0.07253886010362694,0.32383419689119175,,0.023316062176165803,,,,,0.3639896373056995,0.04792746113989637,,,
,0.025906735751295335,,,0.1567357512953368,0.45336787564766845,,0.025906735751295335,,,0.025906735751295335,0.025906735751295335,0.2603626943005181,,0.025906735751295335,,
,,0.02461139896373057,,,0.6489637305699483,,,,,,,0.32642487046632124,,,,
,,,,,0.582901554404145,,,,,,0.05181347150259067,0.36528497409326427,,,,
,,,0.027202072538860103,,0.7240932642487047,,,,,,,0.24870466321243523,,,,
,,,0.027202072538860103,,0.7512953367875648,,,,,,,0.22150259067357514,,,,
,,,,,0.7603626943005182,,,,,,,0.23963730569948186,,,,
,,0.022020725388601035,,,0.7707253886010363,,,,,,,0.20725388601036268,,,,
,,,,,0.7007772020725389,,,,,,,0.29922279792746115,,,,
,,,,,0.7357512953367875,,,,,,,0.26424870466321243,,,,
,,0.38860103626943004,,,0.24870466321243523,,,,,,0.04792746113989637,0.31476683937823835,,,,
,,0.050518134715025906,,,0.694300518134715,,,,,,0.02461139896373057,0.23056994818652848,,,,
,,0.18393782383419688,,,0.5854922279792747,,,,,,,0.23056994818652848,,,,
,,0.023316062176165803,,,0.5958549222797928,,,,,,,0.38082901554404147,,,,
,,0.02461139896373057,,,0.4818652849740933,,,,,,,0.49352331606217614,,,,
,,0.07772020725388601,,0.025906735751295335,0.3484455958549223,,,,,,0.025906735751295335,0.522020725388601,,,,
,,0.07253886010362694,,,0.783678756476684,,,,,,0.023316062176165803,0.12046632124352331,,,,
,0.09196891191709844,0.022020725388601035,,,0.2888601036269429,,,,,,0.13730569948186527,0.4378238341968912,,,0.022020725388601035,
,,,,,0.7189119170984456,,,,,,,0.2810880829015544,,,,
,,,,,0.7966321243523315,,,,,,,0.18134715025906736,,,0.022020725388601035,
,,0.15284974093264247,,,0.7448186528497409,,,,,,,0.10233160621761658,,,,
,,0.3743523316062176,,,0.366580310880829,,,,,,,0.25906735751295334,,,,
,0.17616580310880828,,,0.07512953367875648,0.5233160621761658,,,,,,,0.22538860103626943,,,,
,,,0.05181347150259067,0.10362694300518134,0.3756476683937824,,,,0.025906735751295335,,,0.4430051813471503,,,,
,,,0.025906735751295335,0.05310880829015544,0.6826424870466321,0.025906735751295335,,,,,,0.21243523316062177,,,,
,,,0.027202072538860103,,0.5582901554404145,,,,,,,0.41450777202072536,,,,
,,0.029792746113989636,,,0.6398963730569949,,,,,,,0.33031088082901555,,,,
,,0.21632124352331605,,,0.45854922279792754,,,,,,,0.32512953367875647,,,,
,,0.32124352331606215,,,0.5803108808290156,,,,,,,0.09844559585492228,,,,
,,0.06865284974093264,,,0.655440414507772,,,,,,,0.2759067357512953,,,,
,,0.3588082901554404,,,0.30958549222797926,,,,,,0.02461139896373057,0.3069948186528497,,,,
