UID,iso2,iso3,code3,FIPS,Admin2,Province_State,Country_Region,Lat,Long_,Combined_Key,county alpha rank,2020-01-25,2020-02-01,2020-02-08,2020-02-15,2020-02-22,2020-02-29,2020-03-07,2020-03-14,2020-03-21,2020-03-28,2020-04-04,2020-04-11,2020-04-18,2020-04-25,2020-05-02,2020-05-09,2020-05-16,2020-05-23,2020-05-30,2020-06-06,2020-06-13,2020-06-20,2020-06-27,2020-07-04,2020-07-11,2020-07-18,2020-07-25,2020-08-01,2020-08-08,2020-08-15,2020-08-22,2020-08-29,2020-09-05,2020-09-12,2020-09-19,2020-09-26,2020-10-03,2020-10-10,2020-10-17,2020-10-24,2020-10-31,2020-11-07,2020-11-14,2020-11-21,2020-11-28,2020-12-05,2020-12-12,2020-12-19,2020-12-26,2021-01-02
84040001,US,USA,840,40001,Adair,Oklahoma,US,35.88494195,-94.65859267,"Adair, Oklahoma, US",0,0,0,0,0,0,0,0,0,0,3,11,13,2,25,11,9,0,8,5,6,3,8,7,9,16,32,59,62,50,37,32,30,56,27,53,40,36,38,31,64,67,84,104,91,89,103,144,158,137,110
84040003,US,USA,840,40003,Alfalfa,Oklahoma,US,36.73090616,-98.32408495,"Alfalfa, Oklahoma, US",1,0,0,0,0,0,0,0,0,0,0,0,0,1,0,0,0,0,0,0,0,0,0,0,0,0,0,0,2,0,2,4,3,7,17,20,8,10,13,17,13,13,13,21,114,98,34,179,241,56,46
84040005,US,USA,840,40005,Atoka,Oklahoma,US,34.37366573,-96.03802487,"Atoka, Oklahoma, US",2,0,0,0,0,0,0,0,0,0,0,1,0,0,0,0,0,0,0,2,1,4,5,5,7,9,8,13,7,8,13,12,13,56,11,94,24,23,42,40,34,34,33,103,165,68,80,69,154,110,59
84040007,US,USA,840,40007,Beaver,Oklahoma,US,36.7496847,-100.4758872,"Beaver, Oklahoma, US",3,0,0,0,0,0,0,0,0,0,0,0,1,0,1,11,7,3,1,0,0,6,0,0,2,0,0,4,0,0,3,2,3,0,2,2,6,8,10,7,9,6,15,23,25,47,26,30,22,12,14
84040009,US,USA,840,40009,Beckham,Oklahoma,US,35.26862449,-99.68128023,"Beckham, Oklahoma, US",4,0,0,0,0,0,0,0,0,0,0,1,0,1,1,2,1,0,0,0,1,0,1,4,-1,3,13,3,13,10,23,35,13,8,35,96,141,196,119,34,135,49,57,65,100,180,111,109,136,155,114
84040011,US,USA,840,40011,Blaine,Oklahoma,US,35.87518314,-98.43307003,"Blaine, Oklahoma, US",5,0,0,0,0,0,0,0,0,0,0,0,0,0,0,0,2,1,1,2,3,0,5,1,3,4,1,4,19,-5,4,12,16,9,15,11,18,16,13,22,32,10,31,25,42,71,79,50,48,50,45
84040013,US,USA,840,40013,Bryan,Oklahoma,US,33.96472458,-96.25903472,"Bryan, Oklahoma, US",6,0,0,0,0,0,0,0,0,0,1,2,0,2,1,3,3,1,8,5,9,13,21,16,38,57,46,77,78,72,52,38,49,57,68,103,120,109,145,109,189,138,207,425,301,231,197,223,289,248,229
84040015,US,USA,840,40015,Caddo,Oklahoma,US,35.17364557,-98.37534464,"Caddo, Oklahoma, US",7,0,0,0,0,0,0,0,0,0,1,3,5,39,5,11,36,12,24,22,10,7,5,4,9,13,17,49,87,54,50,41,56,33,40,62,63,106,88,88,95,44,64,157,194,261,287,201,160,171,111
84040017,US,USA,840,40017,Canadian,Oklahoma,US,35.5426055,-97.98465569,"Canadian, Oklahoma, US",8,0,0,0,0,0,0,0,0,2,9,21,24,9,25,8,12,6,8,8,9,7,44,57,76,154,173,143,264,135,120,95,100,106,101,212,282,289,329,496,489,350,315,752,851,809,778,816,938,728,432
84040019,US,USA,840,40019,Carter,Oklahoma,US,34.25103751,-97.28552485,"Carter, Oklahoma, US",9,0,0,0,0,0,0,0,0,0,1,0,0,0,1,1,3,2,14,19,10,6,9,16,45,43,43,30,59,35,28,25,12,27,36,37,47,42,61,78,92,92,106,157,204,298,173,174,275,246,207
84040021,US,USA,840,40021,Cherokee,Oklahoma,US,35.90692775,-94.99980896,"Cherokee, Oklahoma, US",10,0,0,0,0,0,0,0,0,0,1,9,8,4,4,1,3,-1,-1,1,2,12,22,9,16,28,30,63,110,100,83,75,69,102,114,109,97,95,72,61,76,54,86,257,242,264,226,347,359,266,196
84040023,US,USA,840,40023,Choctaw,Oklahoma,US,34.02807439,-95.54771129,"Choctaw, Oklahoma, US",11,0,0,0,0,0,0,0,0,0,1,1,0,1,0,0,0,0,11,25,59,4,5,3,8,4,14,16,12,19,25,10,21,19,13,28,17,39,13,33,43,40,38,52,63,75,42,62,106,100,54
84040025,US,USA,840,40025,Cimarron,Oklahoma,US,36.74817177,-102.5173885,"Cimarron, Oklahoma, US",12,0,0,0,0,0,0,0,0,0,0,0,0,0,1,0,0,0,0,0,0,0,0,0,0,0,0,0,0,0,10,3,0,0,4,5,1,3,5,2,3,3,4,11,8,14,6,1,17,0,6
84040027,US,USA,840,40027,Cleveland,Oklahoma,US,35.20413532,-97.32519562,"Cleveland, Oklahoma, US",13,0,0,0,0,0,0,0,0,12,34,123,78,54,99,30,25,11,21,13,19,25,96,155,240,242,393,378,604,315,212,331,273,622,514,593,455,451,518,576,706,404,436,1233,1127,1384,1293,1237,1474,1371,1054
84040029,US,USA,840,40029,Coal,Oklahoma,US,34.58840127,-96.29798747,"Coal, Oklahoma, US",14,0,0,0,0,0,0,0,0,0,0,0,0,0,0,0,0,0,1,0,4,1,0,1,2,1,6,8,2,10,10,1,6,10,1,7,-1,5,3,1,15,18,24,75,33,73,14,19,63,39,26
84040031,US,USA,840,40031,Comanche,Oklahoma,US,34.65973764,-98.47195055,"Comanche, Oklahoma, US",15,0,0,0,0,0,0,0,0,0,6,31,12,8,19,8,40,91,55,9,30,24,31,27,52,46,102,68,103,41,81,115,219,75,87,99,99,160,162,139,278,232,234,636,569,754,513,365,552,482,340
84040033,US,USA,840,40033,Cotton,Oklahoma,US,34.28845626,-98.37053567,"Cotton, Oklahoma, US",16,0,0,0,0,0,0,0,0,0,0,4,0,1,0,0,0,0,0,0,0,0,0,1,1,4,1,4,1,1,3,4,4,19,15,1,4,3,5,11,10,12,9,22,42,43,57,56,35,33,16
84040035,US,USA,840,40035,Craig,Oklahoma,US,36.76268118,-95.20916602,"Craig, Oklahoma, US",17,0,0,0,0,0,0,0,0,0,1,2,3,1,2,2,2,0,2,0,0,1,2,1,3,5,10,16,19,10,11,8,17,45,33,208,97,19,47,29,18,29,38,91,64,99,93,128,140,101,60
84040037,US,USA,840,40037,Creek,Oklahoma,US,35.90230551,-96.37086028,"Creek, Oklahoma, US",18,0,0,0,0,0,0,0,0,0,16,27,11,4,15,7,2,1,6,5,5,6,17,17,30,41,57,74,154,93,90,67,51,81,87,87,87,100,102,109,97,89,126,238,309,350,252,256,319,406,188
84040039,US,USA,840,40039,Custer,Oklahoma,US,35.63853802,-99.00170785,"Custer, Oklahoma, US",19,0,0,0,0,0,0,0,0,1,2,2,0,2,3,0,1,1,0,4,16,9,8,5,9,13,31,51,32,16,21,43,53,27,49,76,191,115,119,81,100,44,60,202,248,313,288,177,184,251,133
84040041,US,USA,840,40041,Delaware,Oklahoma,US,36.40823634,-94.80325046,"Delaware, Oklahoma, US",20,0,0,0,0,0,0,0,0,0,4,7,13,50,16,1,1,3,4,1,0,7,8,12,45,67,49,63,48,25,43,39,33,30,60,44,68,103,157,126,98,85,93,192,145,192,151,215,257,207,153
84040043,US,USA,840,40043,Dewey,Oklahoma,US,35.98772922,-99.00730714,"Dewey, Oklahoma, US",21,0,0,0,0,0,0,0,0,0,0,0,1,1,0,0,0,0,1,-1,0,0,2,1,-1,0,3,-3,3,2,3,6,0,6,8,26,8,5,4,3,15,1,3,30,34,62,51,54,35,38,20
84040045,US,USA,840,40045,Ellis,Oklahoma,US,36.2180194,-99.75324573,"Ellis, Oklahoma, US",22,0,0,0,0,0,0,0,0,0,0,0,0,0,0,0,0,0,0,0,0,0,0,1,0,1,-1,3,-1,2,0,1,0,0,0,2,3,3,1,3,3,8,8,32,43,103,23,20,26,16,9
84040047,US,USA,840,40047,Garfield,Oklahoma,US,36.3791334,-97.78265517,"Garfield, Oklahoma, US",23,0,0,0,0,0,0,0,0,0,0,5,1,3,2,7,4,1,2,2,2,17,9,9,14,26,56,67,136,84,124,165,196,198,146,188,170,190,201,170,194,132,143,296,330,584,352,286,307,415,160
84040049,US,USA,840,40049,Garvin,Oklahoma,US,34.70418038,-97.30811132,"Garvin, Oklahoma, US",24,0,0,0,0,0,0,0,0,2,0,9,-1,0,3,1,0,1,0,2,1,2,23,19,27,33,23,27,30,23,16,12,10,11,34,24,35,39,68,87,71,120,146,256,230,194,117,109,193,191,118
84040051,US,USA,840,40051,Grady,Oklahoma,US,35.0167709,-97.88339847,"Grady, Oklahoma, US",25,0,0,0,0,0,0,0,0,1,1,4,5,5,18,4,7,19,9,19,15,9,7,7,39,67,66,50,54,31,27,27,26,41,118,179,204,126,145,115,153,77,98,280,291,337,309,229,227,231,171
84040053,US,USA,840,40053,Grant,Oklahoma,US,36.796297,-97.78638765,"Grant, Oklahoma, US",26,0,0,0,0,0,0,0,0,0,0,1,1,0,0,0,0,0,0,0,0,0,0,0,0,0,2,2,5,4,2,3,4,3,4,7,8,9,8,11,25,15,16,27,30,22,22,34,42,56,17
84040055,US,USA,840,40055,Greer,Oklahoma,US,34.93535801,-99.5605612,"Greer, Oklahoma, US",27,0,0,0,0,0,0,0,0,0,0,6,42,2,14,1,0,1,0,0,0,0,0,0,0,2,3,7,2,3,1,2,2,3,5,8,4,2,12,7,22,7,9,28,22,45,28,32,16,27,14
84040057,US,USA,840,40057,Harmon,Oklahoma,US,34.7440135,-99.84741652,"Harmon, Oklahoma, US",28,0,0,0,0,0,0,0,0,0,0,0,0,0,0,0,0,0,0,0,0,0,1,0,1,1,1,1,19,3,5,4,2,2,3,0,0,7,9,3,6,8,3,12,5,11,34,30,22,6,2
84040059,US,USA,840,40059,Harper,Oklahoma,US,36.78836519,-99.6679804,"Harper, Oklahoma, US",29,0,0,0,0,0,0,0,0,0,0,0,0,0,1,0,0,0,0,0,0,0,0,0,0,0,1,2,5,0,2,4,2,2,5,2,3,2,6,9,20,8,13,20,39,68,54,39,15,16,7
84040061,US,USA,840,40061,Haskell,Oklahoma,US,35.222576,-95.11513306,"Haskell, Oklahoma, US",30,0,0,0,0,0,0,0,0,0,0,0,0,0,3,2,0,0,1,0,0,0,1,1,4,4,5,3,16,17,31,57,13,22,27,46,25,26,25,17,29,25,53,82,66,43,19,42,41,68,64
84040063,US,USA,840,40063,Hughes,Oklahoma,US,35.04912569,-96.24921145,"Hughes, Oklahoma, US",31,0,0,0,0,0,0,0,0,0,0,0,0,0,0,0,0,0,0,1,2,0,0,4,6,1,8,31,54,27,43,15,20,24,21,19,20,5,21,36,32,30,24,50,52,27,53,42,43,69,48
84040065,US,USA,840,40065,Jackson,Oklahoma,US,34.58781741,-99.41138784,"Jackson, Oklahoma, US",32,0,0,0,0,0,0,0,1,0,0,3,3,-1,8,2,3,2,0,6,0,3,2,3,12,10,154,135,132,40,19,23,22,34,30,52,61,68,110,79,96,57,89,217,163,218,146,91,118,89,36
84040067,US,USA,840,40067,Jefferson,Oklahoma,US,34.11130184,-97.83182974,"Jefferson, Oklahoma, US",33,0,0,0,0,0,0,0,0,0,0,0,1,0,1,0,1,0,0,0,1,0,0,1,5,6,4,3,7,3,0,1,2,-1,2,5,0,6,8,9,11,13,8,23,46,50,52,40,38,54,36
84040069,US,USA,840,40069,Johnston,Oklahoma,US,34.31440473,-96.66011537,"Johnston, Oklahoma, US",34,0,0,0,0,0,0,0,0,0,0,0,0,2,2,-1,0,0,0,0,0,1,4,2,3,3,7,5,12,6,7,13,19,31,8,15,26,47,29,17,28,22,44,62,52,58,48,65,84,67,49
84040071,US,USA,840,40071,Kay,Oklahoma,US,36.81799745,-97.14421435,"Kay, Oklahoma, US",35,0,0,0,0,0,0,0,0,3,15,11,13,4,1,0,1,1,3,1,6,6,14,12,17,16,22,26,42,28,23,21,22,51,49,83,94,90,66,48,74,44,108,199,299,306,251,272,361,377,232
84040073,US,USA,840,40073,Kingfisher,Oklahoma,US,35.94530008,-97.94193268,"Kingfisher, Oklahoma, US",36,0,0,0,0,0,0,0,0,0,0,3,2,1,1,1,0,2,3,-2,1,0,6,8,6,12,16,15,32,22,26,51,49,20,23,20,27,48,49,36,62,49,37,66,96,109,98,99,88,117,58
84040075,US,USA,840,40075,Kiowa,Oklahoma,US,34.91671958,-98.97720696,"Kiowa, Oklahoma, US",37,0,0,0,0,0,0,0,0,0,0,1,0,1,2,1,2,-1,0,0,0,0,0,0,6,4,2,5,4,0,4,8,1,9,9,7,10,10,27,36,24,10,31,35,40,61,68,35,38,30,24
84040077,US,USA,840,40077,Latimer,Oklahoma,US,34.87844729,-95.25215049,"Latimer, Oklahoma, US",38,0,0,0,0,0,0,0,0,0,1,3,0,0,0,1,0,0,0,0,0,1,1,2,5,6,5,12,30,20,11,7,4,7,7,6,7,10,21,8,32,21,18,24,23,13,18,49,48,60,51
84040079,US,USA,840,40079,Le Flore,Oklahoma,US,34.89851864,-94.70392124,"Le Flore, Oklahoma, US",39,0,0,0,0,0,0,0,0,0,1,0,2,2,4,4,0,0,0,1,1,4,7,4,5,21,30,34,109,97,97,108,89,118,110,130,124,151,134,141,102,107,135,150,222,157,227,264,251,221,226
84040081,US,USA,840,40081,Lincoln,Oklahoma,US,35.70270942,-96.8812462,"Lincoln, Oklahoma, US",40,0,0,0,0,0,0,0,0,0,3,4,4,0,-1,4,3,1,3,1,0,0,3,4,4,10,15,16,51,40,77,24,26,32,24,40,53,96,82,81,73,49,83,124,144,153,183,166,180,148,105
84040083,US,USA,840,40083,Logan,Oklahoma,US,35.91899576,-97.44352845,"Logan, Oklahoma, US",41,0,0,0,0,0,0,0,0,1,2,3,1,1,4,4,2,0,0,1,0,4,3,15,14,35,29,24,37,32,30,23,19,36,35,39,73,97,66,92,115,53,49,122,172,236,276,212,173,288,129
84040085,US,USA,840,40085,Love,Oklahoma,US,33.95273467,-97.23906784,"Love, Oklahoma, US",42,0,0,0,0,0,0,0,0,0,0,2,0,0,0,0,1,0,11,1,1,6,3,4,2,15,9,5,4,11,7,2,15,24,19,22,10,43,17,18,15,23,23,71,112,108,53,47,78,65,59
84040093,US,USA,840,40093,Major,Oklahoma,US,36.31149996,-98.53467076,"Major, Oklahoma, US",43,0,0,0,0,0,0,0,0,0,0,1,0,1,0,1,2,1,0,0,0,0,1,1,0,6,2,6,3,9,5,4,6,8,8,5,20,8,19,17,34,24,54,58,72,131,56,51,25,54,23
84040095,US,USA,840,40095,Marshall,Oklahoma,US,34.02311222,-96.76855464,"Marshall, Oklahoma, US",44,0,0,0,0,0,0,0,0,0,0,0,1,0,1,0,0,2,3,1,1,6,7,3,11,7,7,9,38,10,14,5,4,5,12,23,10,16,16,37,18,27,52,139,116,150,98,83,73,73,45
84040097,US,USA,840,40097,Mayes,Oklahoma,US,36.30179091,-95.23175116,"Mayes, Oklahoma, US",45,0,0,0,0,0,0,0,0,0,3,4,6,6,2,3,0,4,1,1,1,25,9,11,17,24,60,57,48,31,52,21,25,45,31,43,98,90,89,61,100,45,63,136,174,220,168,160,235,223,173
84040087,US,USA,840,40087,McClain,Oklahoma,US,35.01123903,-97.44572302,"McClain, Oklahoma, US",46,0,0,0,0,0,0,0,0,1,1,9,7,2,10,44,11,1,11,7,5,4,11,18,54,39,51,50,53,41,49,43,39,52,75,88,78,81,109,116,130,96,157,306,301,279,269,225,251,231,156
84040089,US,USA,840,40089,McCurtain,Oklahoma,US,34.11664328,-94.77222373,"McCurtain, Oklahoma, US",47,0,0,0,0,0,0,0,0,0,0,1,1,5,1,0,0,3,12,12,46,62,102,161,128,72,74,82,56,38,30,63,57,79,51,76,61,69,59,117,96,43,120,161,239,100,95,112,151,166,136
84040091,US,USA,840,40091,McIntosh,Oklahoma,US,35.37235506,-95.66599306,"McIntosh, Oklahoma, US",48,0,0,0,0,0,0,0,0,0,0,0,1,1,0,0,3,5,1,0,3,2,13,20,17,19,14,25,27,30,24,17,13,15,21,20,28,41,28,51,64,19,43,84,88,97,66,105,122,98,101
84040099,US,USA,840,40099,Murray,Oklahoma,US,34.48116015,-97.06826283,"Murray, Oklahoma, US",49,0,0,0,0,0,0,0,0,0,0,0,0,0,1,1,0,0,0,2,1,1,7,5,3,4,4,20,10,12,8,6,3,5,13,7,24,26,50,38,42,38,35,80,94,88,109,116,100,108,103
84040101,US,USA,840,40101,Muskogee,Oklahoma,US,35.61318461,-95.37802952,"Muskogee, Oklahoma, US",50,0,0,0,0,0,0,0,0,0,7,10,4,4,1,1,2,0,6,13,13,13,18,13,32,56,53,70,117,70,69,84,293,497,128,104,144,127,128,91,143,121,168,580,622,431,330,600,581,465,317
84040103,US,USA,840,40103,Noble,Oklahoma,US,36.38953329,-97.22928674,"Noble, Oklahoma, US",51,0,0,0,0,0,0,0,0,0,3,2,1,0,0,0,1,0,0,0,0,2,17,11,3,12,6,13,6,6,8,6,5,15,12,11,11,12,0,7,5,24,40,67,58,183,72,122,101,91,51
84040105,US,USA,840,40105,Nowata,Oklahoma,US,36.79843529,-95.61902331,"Nowata, Oklahoma, US",52,0,0,0,0,0,0,0,0,0,1,7,2,1,8,2,1,1,0,0,0,2,2,6,3,2,3,4,10,2,5,11,23,15,9,11,12,9,45,25,26,21,27,37,39,41,45,45,75,62,41
84040107,US,USA,840,40107,Okfuskee,Oklahoma,US,35.46485198,-96.32639984,"Okfuskee, Oklahoma, US",53,0,0,0,0,0,0,0,0,0,0,0,1,0,0,0,0,1,1,1,1,1,1,6,3,3,4,10,22,8,19,9,9,9,9,9,11,15,46,64,278,32,66,95,157,149,39,82,110,78,65
84040109,US,USA,840,40109,Oklahoma,Oklahoma,US,35.55140095,-97.40716948,"Oklahoma, Oklahoma, US",54,0,0,0,0,0,0,0,1,19,87,149,169,72,197,128,105,143,119,74,97,201,429,610,793,1220,1582,1220,1799,1210,1034,1057,739,853,914,1414,1276,1159,1337,1494,1584,1322,1695,3926,4481,4803,4372,4331,4200,3267,2311
84040111,US,USA,840,40111,Okmulgee,Oklahoma,US,35.64661916,-95.96432828,"Okmulgee, Oklahoma, US",55,0,0,0,0,0,0,0,0,0,2,9,2,1,2,0,0,2,4,4,0,3,11,14,14,78,70,64,114,72,38,57,52,41,49,66,64,56,62,107,151,85,83,143,127,141,118,160,186,194,154
84040113,US,USA,840,40113,Osage,Oklahoma,US,36.62888819,-96.39635704,"Osage, Oklahoma, US",56,0,0,0,0,0,0,0,0,0,6,19,20,16,10,5,12,3,3,1,6,5,24,26,26,32,32,38,76,44,155,35,35,55,45,42,132,229,90,98,52,39,74,162,175,151,198,186,236,227,196
84040115,US,USA,840,40115,Ottawa,Oklahoma,US,36.83532655,-94.81011909,"Ottawa, Oklahoma, US",57,0,0,0,0,0,0,0,0,0,4,6,6,8,5,5,0,0,1,0,0,2,6,1,36,61,78,41,77,31,49,45,54,84,96,74,88,53,132,83,96,68,64,105,142,138,173,165,283,224,144
84040117,US,USA,840,40117,Pawnee,Oklahoma,US,36.31743373,-96.7033176,"Pawnee, Oklahoma, US",58,0,0,0,0,0,0,0,0,2,12,2,10,2,0,1,0,0,0,2,2,8,6,4,7,10,16,17,21,14,30,28,24,11,0,10,14,10,22,18,28,14,25,55,77,89,62,99,126,91,96
84040119,US,USA,840,40119,Payne,Oklahoma,US,36.07695283,-96.97584944,"Payne, Oklahoma, US",59,0,0,0,0,0,0,0,0,1,11,8,8,6,9,1,1,0,0,0,3,49,118,130,72,61,48,57,78,60,71,101,203,379,263,270,207,201,130,132,106,98,224,307,420,406,292,395,370,297,290
84040121,US,USA,840,40121,Pittsburg,Oklahoma,US,34.92065823,-95.7513432,"Pittsburg, Oklahoma, US",60,0,0,0,0,0,0,0,0,0,2,1,5,6,7,14,4,-1,2,1,0,2,5,8,8,7,15,39,66,148,89,103,42,56,69,167,93,30,69,90,88,63,86,174,187,146,120,236,249,268,246
84040123,US,USA,840,40123,Pontotoc,Oklahoma,US,34.72959848,-96.68337199,"Pontotoc, Oklahoma, US",61,0,0,0,0,0,0,0,0,0,3,4,2,1,0,0,0,1,0,2,5,3,2,12,9,26,30,24,47,27,13,11,13,24,31,55,59,72,65,81,132,115,157,346,272,312,200,209,264,298,208
84040125,US,USA,840,40125,Pottawatomie,Oklahoma,US,35.20614018,-96.94923008,"Pottawatomie, Oklahoma, US",62,0,0,0,0,0,0,0,0,0,2,9,14,7,8,11,3,2,0,3,4,4,16,14,18,43,43,69,113,59,60,162,165,95,111,142,154,181,214,153,214,217,147,252,345,503,399,370,435,474,317
84040127,US,USA,840,40127,Pushmataha,Oklahoma,US,34.41635232,-95.37603505,"Pushmataha, Oklahoma, US",63,0,0,0,0,0,0,0,0,0,0,0,0,0,0,1,0,0,1,0,3,2,2,1,7,8,12,16,48,8,7,5,5,5,3,11,18,36,20,25,19,32,28,32,34,32,20,22,44,69,49
84040129,US,USA,840,40129,Roger Mills,Oklahoma,US,35.68711719,-99.69666167,"Roger Mills, Oklahoma, US",64,0,0,0,0,0,0,0,0,0,0,0,0,0,0,0,0,0,0,0,0,0,0,0,0,1,2,3,2,0,1,3,1,1,2,10,20,18,14,6,5,2,6,14,24,30,27,23,21,12,5
84040131,US,USA,840,40131,Rogers,Oklahoma,US,36.37004357,-95.60406759,"Rogers, Oklahoma, US",65,0,0,0,0,0,0,0,0,0,0,12,12,6,16,19,5,2,6,3,4,10,28,38,53,110,111,142,201,180,150,99,95,101,130,130,189,134,135,133,157,143,219,368,483,456,459,470,648,512,397
84040133,US,USA,840,40133,Seminole,Oklahoma,US,35.16478725,-96.61686741,"Seminole, Oklahoma, US",66,0,0,0,0,0,0,0,0,0,0,2,4,1,1,4,8,1,0,5,4,1,2,3,7,21,19,44,62,45,23,27,31,30,29,25,49,64,105,56,95,66,77,147,83,84,114,84,145,175,77
84040135,US,USA,840,40135,Sequoyah,Oklahoma,US,35.49447108,-94.75463785,"Sequoyah, Oklahoma, US",67,0,0,0,0,0,0,0,0,0,2,2,5,1,1,1,1,1,0,1,2,3,2,10,14,16,21,55,114,81,92,78,74,34,88,77,97,94,85,73,103,58,125,141,132,137,82,108,191,141,136
84040137,US,USA,840,40137,Stephens,Oklahoma,US,34.48556989,-97.85141892,"Stephens, Oklahoma, US",68,0,0,0,0,0,0,0,0,0,2,7,4,2,5,2,0,2,13,1,3,3,5,6,10,16,44,17,32,24,17,13,21,18,50,57,58,38,51,71,104,109,105,206,253,278,246,280,280,326,250
84040139,US,USA,840,40139,Texas,Oklahoma,US,36.74777635,-101.4889765,"Texas, Oklahoma, US",69,0,0,0,0,0,0,0,0,0,0,1,2,6,59,104,173,313,197,62,27,24,10,6,9,12,2,9,18,21,22,20,46,81,87,92,104,88,73,53,57,58,88,148,121,186,150,122,138,120,47
84040141,US,USA,840,40141,Tillman,Oklahoma,US,34.37288446,-98.92426619,"Tillman, Oklahoma, US",70,0,0,0,0,0,0,0,0,0,0,1,0,0,0,1,17,3,0,1,0,0,0,0,2,1,6,11,12,3,1,1,4,6,8,3,12,15,14,11,13,6,28,51,44,54,52,41,56,51,15
84040143,US,USA,840,40143,Tulsa,Oklahoma,US,36.11939621,-95.94013939,"Tulsa, Oklahoma, US",71,0,0,0,0,0,0,1,1,3,52,164,102,53,103,128,88,81,127,95,167,360,681,972,796,1031,1238,1064,1679,1403,923,941,851,1019,925,857,888,1027,1244,1187,1162,1122,1448,2447,3086,3445,2896,3272,3435,3309,2251
84040145,US,USA,840,40145,Wagoner,Oklahoma,US,35.96024096,-95.51911308,"Wagoner, Oklahoma, US",72,0,0,0,0,0,0,0,0,0,8,32,27,40,7,8,3,11,9,4,4,15,34,36,70,58,92,104,164,122,106,97,76,87,94,80,79,88,94,94,128,114,84,179,263,286,245,280,470,480,378
84040147,US,USA,840,40147,Washington,Oklahoma,US,36.71380786,-95.90514104,"Washington, Oklahoma, US",73,0,0,0,0,0,0,0,0,1,13,19,50,41,98,46,28,6,8,6,24,8,19,24,12,45,42,36,40,57,67,43,47,83,44,41,41,46,75,90,93,83,81,148,185,260,181,222,335,221,120
84040149,US,USA,840,40149,Washita,Oklahoma,US,35.29071824,-98.99180434,"Washita, Oklahoma, US",74,0,0,0,0,0,0,0,0,0,0,0,0,0,1,-1,0,1,0,1,0,0,1,0,2,3,5,4,7,3,5,5,5,1,2,12,21,22,21,28,28,15,16,44,63,96,93,50,81,89,33
84040151,US,USA,840,40151,Woods,Oklahoma,US,36.76705782,-98.86573064,"Woods, Oklahoma, US",75,0,0,0,0,0,0,0,0,0,0,0,0,0,3,0,0,0,0,0,1,1,0,0,2,2,3,2,1,5,1,3,0,2,6,61,15,6,8,20,32,13,12,92,126,107,139,32,74,118,94
84040153,US,USA,840,40153,Woodward,Oklahoma,US,36.42316318,-99.26283045,"Woodward, Oklahoma, US",76,0,0,0,0,0,0,0,0,0,0,1,0,0,0,0,0,0,2,2,0,4,3,0,1,2,3,9,5,6,11,22,18,19,41,160,722,89,45,22,49,56,53,168,138,230,157,77,130,140,76