Date,Adair County,Alfalfa County,Atoka County,Beaver County,Beckham County,Blaine County,Bryan County,Caddo County,Canadian County,Carter County,Cherokee County,Choctaw County,Cimarron County,Cleveland County,Coal County,Comanche County,Cotton County,Craig County,Creek County,Custer County,Delaware County,Dewey County,Ellis County,Garfield County,Garvin County,Grady County,Grant County,Greer County,Harmon County,Harper County,Haskell County,Hughes County,Jackson County,Jefferson County,Johnston County,Kay County,Kingfisher County,Kiowa County,Latimer County,Le Flore County,Lincoln County,Logan County,Love County,Major County,Marshall County,Mayes County,McClain County,McCurtain County,McIntosh County,Murray County,Muskogee County,Noble County,Nowata County,Okfuskee County,Oklahoma County,Okmulgee County,Osage County,Ottawa County,Pawnee County,Payne County,Pittsburg County,Pontotoc County,Pottawatomie County,Pushmataha County,Roger Mills County,Rogers County,Seminole County,Sequoyah County,Stephens County,Texas County,Tillman County,Tulsa County,Wagoner County,Washington County,Washita County,Woods County,Woodward County
2020-01-25,0,0,0,0,0,0,0,0,0,0,0,0,0,0,0,0,0,0,0,0,0,0,0,0,0,0,0,0,0,0,0,0,0,0,0,0,0,0,0,0,0,0,0,0,0,0,0,0,0,0,0,0,0,0,0,0,0,0,0,0,0,0,0,0,0,0,0,0,0,0,0,0,0,0,0,0,0
2020-02-01,0,0,0,0,0,0,0,0,0,0,0,0,0,0,0,0,0,0,0,0,0,0,0,0,0,0,0,0,0,0,0,0,0,0,0,0,0,0,0,0,0,0,0,0,0,0,0,0,0,0,0,0,0,0,0,0,0,0,0,0,0,0,0,0,0,0,0,0,0,0,0,0,0,0,0,0,0
2020-02-08,0,0,0,0,0,0,0,0,0,0,0,0,0,0,0,0,0,0,0,0,0,0,0,0,0,0,0,0,0,0,0,0,0,0,0,0,0,0,0,0,0,0,0,0,0,0,0,0,0,0,0,0,0,0,0,0,0,0,0,0,0,0,0,0,0,0,0,0,0,0,0,0,0,0,0,0,0
2020-02-15,0,0,0,0,0,0,0,0,0,0,0,0,0,0,0,0,0,0,0,0,0,0,0,0,0,0,0,0,0,0,0,0,0,0,0,0,0,0,0,0,0,0,0,0,0,0,0,0,0,0,0,0,0,0,0,0,0,0,0,0,0,0,0,0,0,0,0,0,0,0,0,0,0,0,0,0,0
2020-02-22,0,0,0,0,0,0,0,0,0,0,0,0,0,0,0,0,0,0,0,0,0,0,0,0,0,0,0,0,0,0,0,0,0,0,0,0,0,0,0,0,0,0,0,0,0,0,0,0,0,0,0,0,0,0,0,0,0,0,0,0,0,0,0,0,0,0,0,0,0,0,0,0,0,0,0,0,0
2020-02-29,0,0,0,0,0,0,0,0,0,0,0,0,0,0,0,0,0,0,0,0,0,0,0,0,0,0,0,0,0,0,0,0,0,0,0,0,0,0,0,0,0,0,0,0,0,0,0,0,0,0,0,0,0,0,0,0,0,0,0,0,0,0,0,0,0,0,0,0,0,0,0,0,0,0,0,0,0
2020-03-07,0,0,0,0,0,0,0,0,0,0,0,0,0,0,0,0,0,0,0,0,0,0,0,0,0,0,0,0,0,0,0,0,0,0,0,0,0,0,0,0,0,0,0,0,0,0,0,0,0,0,0,0,0,0,0,0,0,0,0,0,0,0,0,0,0,0,0,0,0,0,0,1,0,0,0,0,0
2020-03-14,0,0,0,0,0,0,0,0,0,0,0,0,0,0,0,0,0,0,0,0,0,0,0,0,0,0,0,0,0,0,0,0,1,0,0,0,0,0,0,0,0,0,0,0,0,0,0,0,0,0,0,0,0,0,1,0,0,0,0,0,0,0,0,0,0,0,0,0,0,0,0,1,0,0,0,0,0
2020-03-21,0,0,0,0,0,0,0,0,2,0,0,0,0,12,0,0,0,0,0,1,0,0,0,0,2,1,0,0,0,0,0,0,0,0,0,3,0,0,0,0,0,1,0,0,0,0,1,0,0,0,0,0,0,0,19,0,0,0,2,1,0,0,0,0,0,0,0,0,0,0,0,3,0,1,0,0,0
2020-03-28,3,0,0,0,0,0,1,1,9,1,1,1,0,34,0,6,0,1,16,2,4,0,0,0,0,1,0,0,0,0,0,0,0,0,0,15,0,0,1,1,3,2,0,0,0,3,1,0,0,0,7,3,1,0,87,2,6,4,12,11,2,3,2,0,0,0,0,2,2,0,0,52,8,13,0,0,0
2020-04-04,11,0,1,0,1,0,2,3,21,0,9,1,0,123,0,31,4,2,27,2,7,0,0,5,9,4,1,6,0,0,0,0,3,0,0,11,3,1,3,0,4,3,2,1,0,4,9,1,0,0,10,2,7,0,149,9,19,6,2,8,1,4,9,0,0,12,2,2,7,1,1,164,32,19,0,0,1
2020-04-11,13,0,0,1,0,0,0,5,24,0,8,0,0,78,0,12,0,3,11,0,13,1,0,1,-1,5,1,42,0,0,0,0,3,1,0,13,2,0,0,2,4,1,0,0,1,6,7,1,1,0,4,1,2,1,169,2,20,6,10,8,5,2,14,0,0,12,4,5,4,2,0,102,27,50,0,0,0
2020-04-18,2,1,0,0,1,0,2,39,9,0,4,1,0,54,0,8,1,1,4,2,50,1,0,3,0,5,0,2,0,0,0,0,-1,0,2,4,1,1,0,2,0,1,0,1,0,6,2,5,1,0,4,0,1,0,72,1,16,8,2,6,6,1,7,0,0,6,1,1,2,6,0,53,40,41,0,0,0
2020-04-25,25,0,0,1,1,0,1,5,25,1,4,0,1,99,0,19,0,2,15,3,16,0,0,2,3,18,0,14,0,1,3,0,8,1,2,1,1,2,0,4,-1,4,0,0,1,2,10,1,0,1,1,0,8,0,197,2,10,5,0,9,7,0,8,0,0,16,1,1,5,59,0,103,7,98,1,3,0
2020-05-02,11,0,0,11,2,0,3,11,8,1,1,0,0,30,0,8,0,2,7,0,1,0,0,7,1,4,0,1,0,0,2,0,2,0,-1,0,1,1,1,4,4,4,0,1,0,3,44,0,0,1,1,0,2,0,128,0,5,5,1,1,14,0,11,1,0,19,4,1,2,104,1,128,8,46,-1,0,0
2020-05-09,9,0,0,7,1,2,3,36,12,3,3,0,0,25,0,40,0,2,2,1,1,0,0,4,0,7,0,0,0,0,0,0,3,1,0,1,0,2,0,0,3,2,1,2,0,0,11,0,3,0,2,1,1,0,105,0,12,0,0,1,4,0,3,0,0,5,8,1,0,173,17,88,3,28,0,0,0
2020-05-16,0,0,0,3,0,1,1,12,6,2,-1,0,0,11,0,91,0,0,1,1,3,0,0,1,1,19,0,1,0,0,0,0,2,0,0,1,2,-1,0,0,1,0,0,1,2,4,1,3,5,0,0,0,1,1,143,2,3,0,0,0,-1,1,2,0,0,2,1,1,2,313,3,81,11,6,1,0,0
2020-05-23,8,0,0,1,0,1,8,24,8,14,-1,11,0,21,1,55,0,2,6,0,4,1,0,2,0,9,0,0,0,0,1,0,0,0,0,3,3,0,0,0,3,0,11,0,3,1,11,12,1,0,6,0,0,1,119,4,3,1,0,0,2,0,0,1,0,6,0,0,13,197,0,127,9,8,0,0,2
2020-05-30,5,0,2,0,0,2,5,22,8,19,1,25,0,13,0,9,0,0,5,4,1,-1,0,2,2,19,0,0,0,0,0,1,6,0,0,1,-2,0,0,1,1,1,1,0,1,1,7,12,0,2,13,0,0,1,74,4,1,0,2,0,1,2,3,0,0,3,5,1,1,62,1,95,4,6,1,0,2
2020-06-06,6,0,1,0,1,3,9,10,9,10,2,59,0,19,4,30,0,0,5,16,0,0,0,2,1,15,0,0,0,0,0,2,0,1,0,6,1,0,0,1,0,0,1,0,1,1,5,46,3,1,13,0,0,1,97,0,6,0,2,3,0,5,4,3,0,4,4,2,3,27,0,167,4,24,0,1,0
2020-06-13,3,0,4,6,0,0,13,7,7,6,12,4,0,25,1,24,0,1,6,9,7,0,0,17,2,9,0,0,0,0,0,0,3,0,1,6,0,0,1,4,0,4,6,0,6,25,4,62,2,1,13,2,2,1,201,3,5,2,8,49,2,3,4,2,0,10,1,3,3,24,0,360,15,8,0,1,4
2020-06-20,8,0,5,0,1,5,21,5,44,9,22,5,0,96,0,31,0,2,17,8,8,2,0,9,23,7,0,0,1,0,1,0,2,0,4,14,6,0,1,7,3,3,3,1,7,9,11,102,13,7,18,17,2,1,429,11,24,6,6,118,5,2,16,2,0,28,2,2,5,10,0,681,34,19,1,0,3
2020-06-27,7,0,5,0,4,1,16,4,57,16,9,3,0,155,1,27,1,1,17,5,12,1,1,9,19,7,0,0,0,0,1,4,3,1,2,12,8,0,2,4,4,15,4,1,3,11,18,161,20,5,13,11,6,6,610,14,26,1,4,130,8,12,14,1,0,38,3,10,6,6,0,972,36,24,0,0,0
2020-07-04,9,0,7,2,-1,3,38,9,76,45,16,8,0,240,2,52,1,3,30,9,45,-1,0,14,27,39,0,0,1,0,4,6,12,5,3,17,6,6,5,5,4,14,2,0,11,17,54,128,17,3,32,3,3,3,793,14,26,36,7,72,8,9,18,7,0,53,7,14,10,9,2,796,70,12,2,2,1
2020-07-11,16,0,9,0,3,4,57,13,154,43,28,4,0,242,1,46,4,5,41,13,67,0,1,26,33,67,0,2,1,0,4,1,10,6,3,16,12,4,6,21,10,35,15,6,7,24,39,72,19,4,56,12,2,3,1220,78,32,61,10,61,7,26,43,8,1,110,21,16,16,12,1,1031,58,45,3,2,2
2020-07-18,32,0,8,0,13,1,46,17,173,43,30,14,0,393,6,102,1,10,57,31,49,3,-1,56,23,66,2,3,1,1,5,8,154,4,7,22,16,2,5,30,15,29,9,2,7,60,51,74,14,4,53,6,3,4,1582,70,32,78,16,48,15,30,43,12,2,111,19,21,44,2,6,1238,92,42,5,3,3
2020-07-25,59,0,13,4,3,4,77,49,143,30,63,16,0,378,8,68,4,16,74,51,63,-3,3,67,27,50,2,7,1,2,3,31,135,3,5,26,15,5,12,34,16,24,5,6,9,57,50,82,25,20,70,13,4,10,1220,64,38,41,17,57,39,24,69,16,3,142,44,55,17,9,11,1064,104,36,4,2,9
2020-08-01,62,2,7,0,13,19,78,87,264,59,110,12,0,604,2,103,1,19,154,32,48,3,-1,136,30,54,5,2,19,5,16,54,132,7,12,42,32,4,30,109,51,37,4,3,38,48,53,56,27,10,117,6,10,22,1799,114,76,77,21,78,66,47,113,48,2,201,62,114,32,18,12,1679,164,40,7,1,5
2020-08-08,50,0,8,0,10,-5,72,54,135,35,100,19,0,315,10,41,1,10,93,16,25,2,2,84,23,31,4,3,3,0,17,27,40,3,6,28,22,0,20,97,40,32,11,9,10,31,41,38,30,12,70,6,2,8,1210,72,44,31,14,60,148,27,59,8,0,180,45,81,24,21,3,1403,122,57,3,5,6
2020-08-15,37,2,13,3,23,4,52,50,120,28,83,25,10,212,10,81,3,11,90,21,43,3,0,124,16,27,2,1,5,2,31,43,19,0,7,23,26,4,11,97,77,30,7,5,14,52,49,30,24,8,69,8,5,19,1034,38,155,49,30,71,89,13,60,7,1,150,23,92,17,22,1,923,106,67,5,1,11
2020-08-22,32,4,12,2,35,12,38,41,95,25,75,10,3,331,1,115,4,8,67,43,39,6,1,165,12,27,3,2,4,4,57,15,23,1,13,21,51,8,7,108,24,23,2,4,5,21,43,63,17,6,84,6,11,9,1057,57,35,45,28,101,103,11,162,5,3,99,27,78,13,20,1,941,97,43,5,3,22
2020-08-29,30,3,13,3,13,16,49,56,100,12,69,21,0,273,6,219,4,17,51,53,33,0,0,196,10,26,4,2,2,2,13,20,22,2,19,22,49,1,4,89,26,19,15,6,4,25,39,57,13,3,293,5,23,9,739,52,35,54,24,203,42,13,165,5,1,95,31,74,21,46,4,851,76,47,5,0,18
2020-09-05,56,7,56,0,8,9,57,33,106,27,102,19,0,622,10,75,19,45,81,27,30,6,0,198,11,41,3,3,2,2,22,24,34,-1,31,51,20,9,7,118,32,36,24,8,5,45,52,79,15,5,497,15,15,9,853,41,55,84,11,379,56,24,95,5,1,101,30,34,18,81,6,1019,87,83,1,2,19
2020-09-12,27,17,11,2,35,15,68,40,101,36,114,13,4,514,1,87,15,33,87,49,60,8,0,146,34,118,4,5,3,5,27,21,30,2,8,49,23,9,7,110,24,35,19,8,12,31,75,51,21,13,128,12,9,9,914,49,45,96,0,263,69,31,111,3,2,130,29,88,50,87,8,925,94,44,2,6,41
2020-09-19,53,20,94,2,96,11,103,62,212,37,109,28,5,593,7,99,1,208,87,76,44,26,2,188,24,179,7,8,0,2,46,19,52,5,15,83,20,7,6,130,40,39,22,5,23,43,88,76,20,7,104,11,11,9,1414,66,42,74,10,270,167,55,142,11,10,130,25,77,57,92,3,857,80,41,12,61,160
2020-09-26,40,8,24,6,141,18,120,63,282,47,97,17,1,455,-1,99,4,97,87,191,68,8,3,170,35,204,8,4,0,3,25,20,61,0,26,94,27,10,7,124,53,73,10,20,10,98,78,61,28,24,144,11,12,11,1276,64,132,88,14,207,93,59,154,18,20,189,49,97,58,104,12,888,79,41,21,15,722
2020-10-03,36,10,23,8,196,16,109,106,289,42,95,39,3,451,5,160,3,19,100,115,103,5,3,190,39,126,9,2,7,2,26,5,68,6,47,90,48,10,10,151,96,97,43,8,16,90,81,69,41,26,127,12,9,15,1159,56,229,53,10,201,30,72,181,36,18,134,64,94,38,88,15,1027,88,46,22,6,89
2020-10-10,38,13,42,10,119,13,145,88,329,61,72,13,5,518,3,162,5,47,102,119,157,4,1,201,68,145,8,12,9,6,25,21,110,8,29,66,49,27,21,134,82,66,17,19,16,89,109,59,28,50,128,0,45,46,1337,62,90,132,22,130,69,65,214,20,14,135,105,85,51,73,14,1244,94,75,21,8,45
2020-10-17,31,17,40,7,34,22,109,88,496,78,61,33,2,576,1,139,11,29,109,81,126,3,3,170,87,115,11,7,3,9,17,36,79,9,17,48,36,36,8,141,81,92,18,17,37,61,116,117,51,38,91,7,25,64,1494,107,98,83,18,132,90,81,153,25,6,133,56,73,71,53,11,1187,94,90,28,20,22
2020-10-24,64,13,34,9,135,32,189,95,489,92,76,43,3,706,15,278,10,18,97,100,98,15,3,194,71,153,25,22,6,20,29,32,96,11,28,74,62,24,32,102,73,115,15,34,18,100,130,96,64,42,143,5,26,278,1584,151,52,96,28,106,88,132,214,19,5,157,95,103,104,57,13,1162,128,93,28,32,49
2020-10-31,67,13,34,6,49,10,138,44,350,92,54,40,3,404,18,232,12,29,89,44,85,1,8,132,120,77,15,7,8,8,25,30,57,13,22,44,49,10,21,107,49,53,23,24,27,45,96,43,19,38,121,24,21,32,1322,85,39,68,14,98,63,115,217,32,2,143,66,58,109,58,6,1122,114,83,15,13,56
2020-11-07,84,13,33,15,57,31,207,64,315,106,86,38,4,436,24,234,9,38,126,60,93,3,8,143,146,98,16,9,3,13,53,24,89,8,44,108,37,31,18,135,83,49,23,54,52,63,157,120,43,35,168,40,27,66,1695,83,74,64,25,224,86,157,147,28,6,219,77,125,105,88,28,1448,84,81,16,12,53
2020-11-14,104,21,103,23,65,25,425,157,752,157,257,52,11,1233,75,636,22,91,238,202,192,30,32,296,256,280,27,28,12,20,82,50,217,23,62,199,66,35,24,150,124,122,71,58,139,136,306,161,84,80,580,67,37,95,3926,143,162,105,55,307,174,346,252,32,14,368,147,141,206,148,51,2447,179,148,44,92,168
2020-11-21,91,114,165,25,100,42,301,194,851,204,242,63,8,1127,33,569,42,64,309,248,145,34,43,330,230,291,30,22,5,39,66,52,163,46,52,299,96,40,23,222,144,172,112,72,116,174,301,239,88,94,622,58,39,157,4481,127,175,142,77,420,187,272,345,34,24,483,83,132,253,121,44,3086,263,185,63,126,138
2020-11-28,89,98,68,47,180,71,231,261,809,298,264,75,14,1384,73,754,43,99,350,313,192,62,103,584,194,337,22,45,11,68,43,27,218,50,58,306,109,61,13,157,153,236,108,131,150,220,279,100,97,88,431,183,41,149,4803,141,151,138,89,406,146,312,503,32,30,456,84,137,278,186,54,3445,286,260,96,107,230
2020-12-05,103,34,80,26,111,79,197,287,778,173,226,42,6,1293,14,513,57,93,252,288,151,51,23,352,117,309,22,28,34,54,19,53,146,52,48,251,98,68,18,227,183,276,53,56,98,168,269,95,66,109,330,72,45,39,4372,118,198,173,62,292,120,200,399,20,27,459,114,82,246,150,52,2896,245,181,93,139,157
2020-12-12,144,179,69,30,109,50,223,201,816,174,347,62,1,1237,19,365,56,128,256,177,215,54,20,286,109,229,34,32,30,39,42,42,91,40,65,272,99,35,49,264,166,212,47,51,83,160,225,112,105,116,600,122,45,82,4331,160,186,165,99,395,236,209,370,22,23,470,84,108,280,122,41,3272,280,222,50,32,77
2020-12-19,158,241,154,22,136,48,289,160,938,275,359,106,17,1474,63,552,35,140,319,184,257,35,26,307,193,227,42,16,22,15,41,43,118,38,84,361,88,38,48,251,180,173,78,25,73,235,251,151,122,100,581,101,75,110,4200,186,236,283,126,370,249,264,435,44,21,648,145,191,280,138,56,3435,470,335,81,74,130
2020-12-26,137,56,110,12,155,50,248,171,728,246,266,100,0,1371,39,482,33,101,406,251,207,38,16,415,191,231,56,27,6,16,68,69,89,54,67,377,117,30,60,221,148,288,65,54,73,223,231,166,98,108,465,91,62,78,3267,194,227,224,91,297,268,298,474,69,12,512,175,141,326,120,51,3309,480,221,89,118,140
2021-01-02,141,50,76,16,127,55,304,173,834,287,265,66,6,1459,40,472,23,84,282,181,215,22,10,266,156,363,23,18,2,7,76,62,55,42,72,294,135,53,66,304,137,179,71,28,77,211,254,155,115,126,427,69,59,85,2925,214,256,195,111,377,323,259,386,65,7,515,122,184,307,59,25,2953,490,195,43,114,88
2021-01-09,290,45,105,22,102,69,432,186,1143,854,495,161,2,1997,56,602,44,114,395,250,430,24,6,321,340,309,37,12,43,13,73,52,86,78,140,371,116,25,69,423,215,272,157,41,176,298,312,203,137,200,543,85,102,78,5159,256,330,222,129,777,342,410,496,130,24,853,185,405,360,63,43,4530,596,323,76,54,101
2021-01-16,309,52,108,18,186,57,316,234,918,679,412,84,7,1842,31,950,46,104,509,248,317,29,12,468,234,424,23,33,2,18,66,71,134,52,86,439,157,55,43,324,191,386,138,53,163,232,295,95,146,131,579,61,82,61,4606,143,259,198,122,358,255,326,482,62,60,597,217,278,333,188,46,4188,719,284,80,39,198
2021-01-23,151,21,61,7,121,27,248,151,680,305,210,51,0,1444,24,644,43,56,355,96,181,14,4,232,153,242,27,19,4,8,65,58,68,33,52,345,75,35,41,199,141,189,68,32,113,253,206,79,74,114,353,49,69,54,3558,121,201,113,71,366,204,239,292,29,15,438,115,160,280,54,28,3109,404,174,32,31,126
2021-01-30,172,33,46,26,87,62,218,117,479,310,160,52,4,1229,26,763,19,60,332,111,165,10,1,355,129,168,13,13,2,3,49,40,63,27,36,229,60,38,42,233,122,144,61,34,66,148,159,113,61,83,303,36,43,45,2780,112,186,105,57,339,190,245,260,36,17,472,124,169,207,37,29,2990,402,170,29,11,64
2021-02-06,143,36,35,12,103,68,207,131,631,326,163,35,3,911,28,866,31,28,310,128,123,14,7,314,115,216,21,16,22,4,32,39,68,22,44,135,52,16,22,199,91,140,37,32,85,176,202,101,28,113,322,51,44,44,2222,175,171,69,79,251,130,154,217,30,8,436,139,118,162,49,18,2942,395,253,36,28,67
2021-02-13,58,7,37,4,73,23,210,64,454,201,108,49,0,787,17,460,13,27,220,58,73,7,6,158,80,116,13,32,7,11,14,28,52,10,74,108,39,28,15,109,68,101,26,18,66,202,102,143,79,52,207,25,18,15,1710,67,123,59,139,126,108,224,235,28,0,222,56,95,111,33,12,1832,194,122,22,9,19
2021-02-20,49,8,18,27,19,9,93,42,201,65,82,14,30,352,5,315,13,7,147,31,67,5,1,130,23,52,11,16,6,1,13,11,42,4,23,39,24,11,7,86,29,33,4,2,21,52,44,66,32,15,92,24,21,8,891,43,61,44,5,77,36,62,117,12,2,106,31,121,76,38,11,1507,110,122,6,6,15
2021-02-27,22,9,25,14,14,8,107,32,269,138,44,9,22,451,4,260,12,13,73,37,32,7,3,99,45,71,3,7,1,5,9,16,31,4,12,31,23,8,14,78,29,108,15,5,16,31,43,36,26,20,54,11,15,2,1132,43,69,32,19,82,54,78,151,15,1,61,19,39,53,18,7,910,105,101,4,6,21
2021-03-06,40,2,20,3,115,10,71,48,303,45,46,35,28,299,1,232,8,9,127,42,54,4,2,33,12,49,4,7,2,-1,18,12,56,1,7,29,16,10,15,103,69,45,8,2,11,42,39,43,17,11,43,12,19,25,932,20,34,21,28,82,67,45,99,12,1,98,23,68,35,8,8,647,55,124,5,2,11
2021-03-13,8,1,41,10,15,7,45,24,173,38,35,8,-1,244,2,237,1,12,38,10,47,1,1,43,22,40,4,15,0,2,7,9,13,0,9,26,8,5,11,37,28,52,4,6,16,42,31,16,9,10,44,6,7,5,950,11,21,50,13,53,48,21,63,3,2,84,10,28,19,15,4,421,37,55,4,5,15
2021-03-20,2,0,11,0,7,2,4,8,19,30,5,6,1,55,0,80,0,5,6,4,11,0,0,3,8,12,1,14,4,0,-1,5,5,2,0,8,0,0,1,3,5,9,5,2,10,5,10,9,2,6,5,0,0,2,163,6,7,9,1,13,17,9,11,1,0,21,2,9,6,2,2,103,9,11,0,0,4
2021-03-27,6,1,7,2,24,1,14,17,83,59,21,6,0,299,1,286,3,16,40,9,25,2,0,16,16,39,4,3,8,0,3,13,26,4,14,75,14,0,1,24,10,33,9,1,49,18,25,16,9,12,33,7,4,1,451,9,14,34,4,37,30,20,38,4,1,75,17,13,19,6,10,373,38,49,3,4,5
2021-04-03,0,4,18,4,5,3,19,14,97,53,37,3,6,221,2,238,4,4,32,5,24,3,1,24,18,31,1,1,5,0,2,11,28,4,1,35,5,1,0,23,23,13,7,0,31,24,26,11,11,3,24,1,3,2,486,10,40,47,5,40,13,18,58,2,0,52,14,21,21,11,8,306,22,55,3,1,10
2021-04-10,6,0,5,1,17,4,13,17,79,69,7,1,3,218,0,198,7,10,43,3,9,0,-1,14,15,28,-1,6,10,3,3,10,41,4,5,15,8,2,0,13,15,19,15,1,28,16,28,10,11,14,16,2,1,0,428,12,13,10,2,27,9,16,61,2,3,38,14,11,16,1,13,328,47,41,6,5,4
2021-04-17,2,1,2,10,18,13,16,17,319,43,15,4,0,577,0,251,2,5,22,4,13,2,0,25,31,58,0,1,6,4,2,9,24,2,6,24,4,3,4,13,22,33,15,4,28,12,56,15,9,34,27,2,13,3,1143,10,13,30,7,25,5,7,70,1,1,69,18,17,20,6,8,333,75,39,1,2,8
2021-04-24,4,0,4,3,3,5,12,8,77,19,15,4,2,122,6,100,2,10,45,1,17,3,1,23,16,17,0,3,1,4,2,0,11,3,4,7,8,0,3,16,15,20,3,0,8,10,18,11,3,2,12,1,2,1,401,8,36,36,9,21,10,23,33,2,1,68,9,5,11,6,1,428,34,41,1,0,4
2021-05-01,7,0,1,1,6,2,6,6,137,23,14,1,0,134,1,95,2,5,24,0,29,0,0,24,1,7,2,0,0,0,3,6,5,8,2,15,7,0,0,6,17,22,2,0,2,11,18,5,3,7,13,2,2,1,411,18,27,23,7,9,16,22,15,2,0,52,3,14,13,3,1,276,23,15,4,0,11
2021-05-08,7,-1,4,0,3,2,20,6,81,20,15,2,0,118,1,80,13,4,28,4,24,2,2,15,8,16,0,1,2,0,3,2,6,2,1,8,3,1,0,12,9,33,7,1,3,12,16,8,2,0,10,2,4,-1,378,19,37,11,4,14,18,23,16,-1,-2,37,7,13,10,8,0,333,24,16,2,1,4
2021-05-15,4,-1,0,0,3,3,3,-1,93,22,4,4,0,127,1,42,1,10,37,4,13,2,1,5,1,16,0,3,1,0,0,3,1,1,0,7,2,3,1,15,6,18,4,0,-1,7,10,6,4,3,12,1,1,2,366,47,30,10,4,4,4,13,26,0,0,30,7,9,29,5,0,302,39,8,2,0,4
2021-05-22,1,0,1,1,0,0,9,4,64,9,4,-1,0,77,1,28,2,8,16,1,19,0,0,4,2,12,0,0,0,0,1,2,2,0,1,5,1,4,0,6,3,9,1,1,2,20,7,4,7,1,4,0,0,7,251,6,8,12,1,15,5,1,14,-1,0,30,3,10,9,8,0,209,24,9,1,-2,2
2021-05-29,6,0,0,0,0,1,6,4,51,7,3,4,0,81,1,42,0,2,25,3,11,0,0,3,5,5,0,0,0,0,0,-1,12,0,0,3,0,0,2,9,1,11,0,1,-1,23,9,23,3,4,16,0,1,3,221,8,10,10,2,17,4,9,13,0,1,22,0,6,5,4,0,258,27,7,2,0,1
2021-06-05,4,0,4,1,0,1,2,2,35,21,6,0,0,42,0,68,0,4,11,5,14,0,0,4,2,12,0,-1,0,0,0,4,1,1,4,7,2,1,4,10,3,15,0,-1,0,15,7,12,0,2,16,0,1,3,180,14,3,11,2,3,2,5,9,0,0,27,1,12,9,3,0,220,28,19,1,4,3
2021-06-12,6,0,1,-1,1,0,1,4,22,17,12,1,0,23,1,54,0,6,16,1,12,1,0,2,2,3,0,0,0,0,2,1,1,0,-1,7,0,0,1,26,6,3,0,-1,1,7,3,5,2,2,7,0,0,2,97,16,14,37,3,6,3,8,3,1,0,29,3,6,9,1,0,160,30,8,0,9,0
2021-06-19,6,1,0,0,3,1,12,2,23,41,14,2,0,27,0,86,1,9,23,1,25,0,0,5,3,9,0,0,0,0,2,4,0,1,0,3,0,0,1,11,5,5,12,1,1,17,9,8,3,2,10,0,8,3,110,19,11,50,1,5,11,8,5,-1,0,36,3,23,8,2,2,253,31,16,0,3,0
2021-06-26,4,0,3,0,0,4,41,8,19,51,16,3,0,33,-1,157,0,17,30,0,24,0,0,13,4,4,0,0,0,1,4,5,1,1,0,2,0,0,0,20,3,4,8,0,4,13,10,4,2,4,24,0,6,1,85,15,5,80,3,0,3,2,4,0,0,30,0,22,1,0,1,259,30,12,1,0,2
2021-07-03,18,0,4,0,0,3,39,5,27,58,28,7,5,66,5,147,1,27,23,3,44,0,0,2,11,5,0,0,0,1,5,1,1,4,5,3,-1,2,0,14,15,5,9,0,7,14,15,8,8,9,29,3,5,4,105,40,13,129,4,7,13,7,21,7,0,50,4,14,16,7,1,308,30,31,1,1,1
2021-07-10,16,1,14,0,0,2,44,8,17,37,26,2,12,108,5,141,0,14,31,2,76,0,4,10,18,8,1,6,0,0,4,3,8,5,4,7,1,1,2,19,14,7,7,0,13,28,26,4,12,9,19,1,-1,4,158,14,18,103,3,18,19,15,19,8,1,61,3,11,21,0,1,361,50,30,0,0,1
2021-07-17,62,0,10,0,5,3,40,3,52,50,39,9,8,149,5,108,3,29,63,13,118,0,3,11,27,28,1,1,1,0,9,3,8,0,24,9,5,0,10,40,14,10,7,0,8,78,33,7,14,7,45,1,2,6,314,34,18,93,2,30,6,16,38,13,0,122,3,43,18,4,0,613,81,45,4,1,1
2021-07-24,66,0,13,0,10,3,88,8,97,62,62,25,5,227,8,176,3,76,133,13,144,3,2,21,37,27,4,0,0,0,19,4,9,1,27,39,10,2,20,88,28,27,8,1,15,98,65,16,20,21,116,14,9,9,624,32,67,190,31,44,30,38,58,31,0,254,10,60,24,9,3,1120,101,116,10,9,2
2021-07-31,98,0,13,0,33,8,114,34,135,178,112,36,3,316,4,297,4,83,282,38,134,6,8,75,75,46,7,4,2,4,44,11,29,13,45,70,13,13,26,134,82,49,24,11,45,107,105,34,45,20,261,25,20,24,1085,84,78,179,44,112,117,53,134,60,7,259,22,87,85,26,11,1862,143,167,16,19,13
2021-08-07,133,10,37,0,18,18,172,80,353,211,168,38,2,658,11,434,6,103,283,43,154,6,0,100,77,110,15,3,5,2,38,25,32,12,34,86,30,19,23,114,90,111,30,12,52,175,174,92,54,35,290,24,37,40,1715,120,137,146,68,148,111,67,192,56,4,421,41,166,135,12,16,2337,242,262,17,29,19
2021-08-14,175,12,106,5,18,22,202,80,467,217,263,66,6,883,46,478,19,88,281,60,255,14,0,124,55,110,9,5,5,1,42,37,35,9,34,110,54,16,46,199,113,126,30,19,40,196,149,130,53,57,289,48,63,45,2350,179,215,119,86,250,124,107,198,57,9,447,96,279,180,10,6,2542,433,300,11,26,19
2021-08-21,155,17,64,2,20,23,208,133,566,160,336,87,8,1046,20,539,22,76,307,72,229,8,2,112,62,232,8,5,1,1,66,43,38,13,40,124,55,20,40,167,134,107,38,20,56,220,182,129,70,53,350,40,72,38,2753,210,211,111,102,271,184,101,232,72,8,454,95,281,175,20,17,2749,393,311,33,44,34
2021-08-28,200,14,72,3,16,35,159,81,516,189,371,110,10,992,18,443,12,61,270,63,193,11,3,126,124,206,6,9,0,3,72,31,63,12,38,154,56,18,46,262,126,148,49,24,48,236,186,163,58,43,293,15,67,72,2873,127,158,95,62,312,143,85,214,57,8,368,69,280,137,35,12,2412,303,284,35,40,25
2021-09-04,179,14,150,10,42,64,221,101,540,326,457,146,8,1338,70,622,26,61,408,79,190,9,8,196,121,254,19,15,3,2,69,54,61,22,88,149,59,38,113,235,185,217,76,34,141,268,258,196,92,58,383,78,56,59,3504,260,216,104,108,511,287,257,384,94,5,544,124,282,178,45,9,2906,635,318,47,49,34
2021-09-11,180,9,62,5,23,65,193,114,564,209,460,131,8,1361,29,656,35,79,339,86,244,17,4,195,97,226,28,16,3,1,51,56,53,41,38,198,55,23,104,264,165,189,31,23,43,198,216,243,125,28,340,81,81,48,3365,208,237,133,80,443,290,155,282,95,5,466,69,224,577,44,15,2849,455,324,35,44,36
2021-09-18,111,11,65,11,59,68,243,121,441,262,318,88,4,1125,27,524,24,72,344,82,212,6,7,250,109,194,12,21,0,4,44,28,75,23,32,233,42,34,65,187,117,199,37,28,41,152,155,190,95,55,364,61,73,18,2795,119,165,143,80,371,218,141,319,37,9,378,51,257,280,61,13,2566,336,189,47,26,85
2021-09-25,89,13,70,8,52,56,176,110,386,195,193,110,5,1029,16,626,38,37,257,57,152,8,2,222,80,110,16,19,3,23,40,24,80,25,47,127,35,38,37,154,102,160,21,23,38,116,127,143,67,49,377,27,37,17,2535,137,132,109,38,192,110,114,241,57,13,329,63,161,253,37,10,2232,313,164,41,23,67
2021-10-02,39,8,52,14,56,24,155,89,341,144,178,66,3,640,28,688,22,33,368,46,127,2,6,228,55,157,9,24,2,9,33,26,85,9,19,136,35,15,33,121,88,138,28,16,40,240,102,101,39,30,239,22,48,26,2018,122,128,100,28,131,94,178,234,31,11,277,64,118,168,50,27,1851,269,340,32,32,73
2021-10-09,54,8,42,6,48,22,145,80,290,106,122,66,1,697,14,417,24,51,211,78,99,9,13,167,39,99,2,20,5,3,14,27,40,13,30,147,18,32,29,137,81,91,30,25,22,112,105,72,32,38,185,14,14,31,1838,106,85,57,31,120,88,87,228,32,6,190,82,101,112,36,9,1471,219,60,15,15,33
2021-10-16,35,18,43,11,80,9,100,55,346,122,96,88,4,555,21,251,16,34,224,82,73,7,18,177,43,103,4,7,3,9,17,33,59,12,30,105,19,27,13,84,149,77,21,27,19,115,83,77,27,30,191,31,12,31,1430,107,88,57,26,98,64,106,606,30,11,156,74,43,97,65,16,1288,166,91,22,22,66
2021-10-23,32,9,26,15,63,15,172,81,384,116,71,27,17,520,25,214,30,39,149,76,94,7,16,228,33,96,2,5,1,2,8,52,76,13,18,122,32,18,18,78,70,78,13,32,14,61,74,65,24,24,160,17,18,19,1465,86,62,69,35,98,136,63,213,23,7,177,60,67,110,50,14,1067,150,55,29,29,71
2021-10-30,28,10,24,6,55,12,201,23,221,113,37,18,6,390,8,112,9,22,135,48,53,12,17,123,34,66,4,4,0,7,13,21,44,3,25,114,18,6,8,55,48,34,12,27,28,65,50,26,25,16,104,13,3,10,802,78,50,30,22,76,70,70,172,11,12,128,80,37,108,57,5,916,156,48,34,17,87
2021-11-06,23,13,42,3,44,12,125,15,168,48,32,10,0,262,3,127,1,21,92,49,41,9,16,112,47,64,5,0,2,10,9,13,21,4,17,109,18,8,7,46,26,31,6,15,35,55,31,48,19,21,88,8,8,19,630,54,68,12,18,66,43,57,87,24,3,144,15,17,35,36,2,779,78,75,16,10,60
2021-11-13,31,14,9,2,59,32,67,37,193,84,18,17,5,486,5,65,4,17,85,44,77,8,11,61,30,117,4,8,2,13,14,16,51,8,4,153,16,8,12,67,39,67,12,34,10,46,70,48,15,19,61,21,3,25,811,92,79,50,18,110,56,43,127,17,2,187,32,24,49,44,14,938,112,43,35,7,30
2021-11-20,30,17,7,14,68,25,69,25,206,72,39,18,3,403,7,78,11,42,90,54,78,8,12,86,57,103,4,10,2,14,7,15,86,7,14,164,15,9,28,114,43,48,7,36,42,45,59,43,24,27,87,14,28,31,996,78,65,66,24,76,51,65,131,15,9,173,36,50,121,37,15,981,108,47,18,13,54
2021-11-27,33,18,9,9,75,23,64,21,171,49,27,2,6,310,6,47,1,30,97,111,78,11,7,53,34,76,4,11,3,4,9,9,79,1,10,103,16,11,48,96,29,40,7,34,24,59,52,34,16,11,111,11,22,10,670,102,66,72,30,51,81,58,103,11,43,148,29,25,36,43,11,684,89,61,25,13,41
2021-12-04,25,7,4,12,82,20,33,46,214,44,46,4,7,356,1,47,2,8,92,83,61,17,8,79,29,126,4,11,6,6,3,6,46,4,11,107,26,10,12,101,36,59,9,28,26,36,37,15,19,19,65,12,18,22,864,60,63,44,18,48,41,46,99,6,25,163,28,63,108,49,10,617,81,49,39,7,30
2021-12-11,36,22,6,25,138,29,65,93,356,85,83,16,23,558,7,130,5,62,158,127,75,16,16,101,50,175,4,9,7,9,13,11,76,14,7,125,25,23,21,128,60,109,9,23,26,94,77,13,19,20,118,17,29,28,1464,114,100,117,39,114,75,85,178,7,44,279,31,79,102,55,13,1720,304,98,44,28,46
2021-12-18,22,12,1,14,119,23,41,85,314,78,56,20,20,347,4,108,5,68,127,84,70,7,5,90,40,93,15,10,0,1,11,14,44,2,10,117,23,13,6,73,44,94,5,10,32,62,80,9,26,37,88,3,26,18,1494,61,80,78,29,102,55,82,151,5,25,202,56,56,36,62,4,1363,87,105,16,26,32
2021-12-25,45,8,0,11,98,24,29,69,293,62,48,18,18,381,10,128,5,42,124,79,42,11,6,108,49,127,1,17,15,0,8,14,52,2,6,127,17,15,9,55,51,78,7,9,19,70,107,17,26,32,89,20,19,14,1601,67,95,79,29,119,58,72,180,8,20,173,28,50,52,49,15,1312,86,65,22,22,40
2022-01-01,27,5,1,11,65,10,40,51,336,69,60,18,6,544,2,231,4,41,115,47,77,4,5,76,81,90,4,16,6,1,10,7,27,0,7,180,13,7,13,55,57,73,18,0,22,45,150,23,20,37,96,21,22,34,2339,47,63,80,48,179,40,83,139,9,9,114,29,56,96,27,6,1563,49,85,7,12,22
2022-01-08,68,27,86,43,73,20,271,52,1132,185,193,14,12,4267,24,586,16,37,436,131,77,58,17,126,109,369,19,5,0,16,26,24,77,13,43,218,59,39,12,130,236,663,67,113,55,19,118,97,186,46,198,41,82,22,2893,166,419,58,83,156,147,233,403,8,18,780,82,118,101,117,21,1333,1553,180,113,47,53
2022-01-15,241,22,105,30,179,91,720,342,2238,540,560,117,17,5602,42,1620,71,132,552,284,331,33,31,459,178,554,25,49,9,21,31,44,267,26,125,453,140,56,37,294,236,631,148,142,365,196,538,288,167,170,574,61,70,121,13395,249,376,226,150,576,312,447,1005,70,19,747,253,360,344,206,75,7572,829,282,104,41,117
2022-01-22,666,58,187,43,388,170,858,797,3901,812,1142,275,27,7005,78,1916,80,227,1128,440,651,55,24,696,351,1310,70,118,15,48,152,115,490,45,211,751,336,152,109,710,452,799,177,206,387,514,805,480,370,211,1166,219,145,212,15855,396,527,466,260,1057,776,716,1633,111,36,1508,383,745,469,380,82,11164,1442,580,170,90,128
2022-01-29,553,64,244,64,429,209,1134,617,2871,1180,1171,384,29,6834,133,2679,63,292,1306,513,807,60,43,942,510,1173,76,108,48,36,225,215,483,110,286,801,263,163,178,928,649,814,240,264,375,696,867,645,457,475,1246,270,170,279,13773,595,736,600,263,1318,874,1411,1885,208,46,1929,450,841,559,298,110,12617,1691,831,232,120,212
2022-02-05,670,67,138,42,307,137,548,427,1768,679,1304,199,18,4770,128,1504,84,405,1711,393,679,44,26,906,452,698,55,95,17,15,246,179,493,56,150,771,195,202,200,728,537,584,180,185,214,999,639,256,434,265,1637,213,232,261,9300,1048,586,571,249,1319,869,905,1227,165,44,1844,446,692,433,212,82,11743,1406,1025,149,131,262
2022-02-12,189,26,106,35,101,33,308,157,601,248,293,88,25,1302,59,358,29,110,422,118,251,26,55,431,109,218,23,31,19,6,109,75,179,28,54,309,147,56,56,415,166,202,58,34,89,231,218,141,110,73,427,79,59,70,3115,221,406,250,97,422,262,327,418,98,6,596,122,340,151,182,38,3682,449,307,48,72,95
2022-02-19,125,9,39,15,42,21,163,64,348,112,209,65,11,762,52,235,15,75,171,65,147,6,6,314,60,107,11,18,1,4,28,19,65,14,30,153,47,21,33,170,116,106,18,16,43,137,100,71,66,42,188,58,32,19,2334,227,143,138,46,238,110,195,210,50,4,251,76,216,110,34,7,1568,210,220,21,33,40
2022-02-26,105,2,54,2,46,14,46,63,219,150,77,25,3,450,16,217,8,33,95,43,71,4,3,112,29,67,1,7,1,3,9,25,45,8,38,78,65,6,9,139,46,99,29,2,20,85,77,45,12,18,84,28,13,11,1452,100,50,49,17,144,68,128,119,18,2,105,40,50,204,8,6,642,97,87,15,17,27
2022-03-05,41,4,39,3,72,8,50,26,213,269,81,12,3,355,9,208,16,23,59,56,42,3,5,116,37,85,6,8,1,2,7,11,24,3,17,83,93,3,2,78,62,86,36,4,20,39,57,28,13,14,60,13,8,7,1659,27,24,49,5,72,33,70,173,15,3,102,30,67,263,13,2,676,81,37,22,6,15
2022-03-12,22,9,23,10,21,13,51,23,225,362,35,7,1,248,1,232,15,7,34,70,27,3,1,63,12,27,1,5,4,4,9,5,8,8,26,122,45,-1,-1,22,38,55,54,13,57,28,18,20,6,1,42,18,9,9,1763,13,40,42,17,59,22,77,58,18,0,78,17,28,64,26,5,436,42,41,9,6,8
2022-03-19,11,0,9,4,18,23,23,11,85,17,5,3,7,177,8,1087,10,8,15,11,19,-1,1,20,10,22,0,3,1,0,1,13,14,1,4,25,3,2,-1,19,9,29,1,-4,4,24,40,21,3,4,11,-1,1,1,558,3,10,4,18,26,9,44,23,-1,2,20,13,10,19,-2,11,292,27,9,10,5,4
2022-03-26,0,-2,-3,0,4,5,5,14,134,31,-4,2,4,60,0,106,6,46,19,17,12,1,1,7,11,6,3,3,0,0,-4,9,2,1,2,23,3,4,2,38,20,25,1,-4,3,9,22,19,7,3,30,3,-2,6,599,6,8,-1,-2,10,1,3,19,18,2,15,12,13,3,0,2,337,52,8,-2,1,1
2022-04-02,11,0,-4,2,3,6,7,5,96,30,9,-2,-4,81,1,106,-3,23,5,24,9,1,1,9,3,10,0,3,0,0,3,2,0,0,1,7,5,7,-2,6,3,13,3,27,7,23,-10,13,-10,2,12,-1,2,3,478,2,18,2,3,21,2,9,20,0,0,57,7,6,21,7,1,570,27,10,-3,1,3
2022-04-09,88,3,25,1,-1,3,2,7,124,34,3,2,-1,152,4,56,-1,-1,23,24,4,1,2,3,10,10,0,0,0,0,1,6,1,3,-2,12,-4,0,1,16,6,24,3,-1,5,5,23,2,-8,-1,17,2,2,9,674,5,14,2,-6,42,3,42,21,1,3,23,8,2,5,2,2,454,49,11,0,0,1
2022-04-16,12,1,9,1,13,0,1,4,116,41,5,2,-2,58,13,58,17,4,17,8,3,-3,1,8,6,13,0,1,0,-1,-1,3,0,7,2,6,5,2,0,36,9,20,4,0,-1,17,14,8,-9,1,1,1,-2,1,387,0,0,17,0,30,1,34,9,-1,10,1,2,4,3,3,0,145,15,4,-1,1,3
2022-04-23,0,0,3,1,29,-1,8,15,115,14,1,-1,0,59,-3,51,7,7,23,6,24,2,-3,4,0,10,1,1,1,9,-1,1,0,13,3,6,5,1,2,0,15,22,3,-3,3,8,12,9,-2,4,14,8,1,-1,471,4,5,49,6,39,6,10,8,9,2,19,11,-1,153,-2,1,392,46,4,4,-2,6
2022-04-30,5,1,11,0,0,0,4,7,105,23,8,1,-2,54,0,27,1,3,29,3,-2,1,1,2,-1,21,2,0,1,0,1,2,6,23,0,11,4,3,0,0,11,12,0,-3,-3,15,5,4,-6,-1,14,7,0,0,233,8,5,2,7,45,3,16,24,4,5,21,1,9,248,1,1,594,75,13,5,0,-1
2022-05-07,21,0,7,0,3,4,14,7,57,10,2,-6,0,114,1,10,0,9,15,10,8,0,1,13,10,14,1,1,0,0,2,1,1,1,3,24,1,3,3,8,4,14,6,-1,2,59,102,17,2,2,12,3,1,-2,198,3,17,8,2,32,1,29,35,1,2,8,4,3,5,0,3,437,51,8,0,0,0
2022-05-14,23,0,6,1,8,3,74,0,113,4,9,0,1,270,1,23,2,3,20,15,12,1,2,36,29,15,1,0,0,0,18,1,10,1,4,9,3,1,0,31,10,27,6,4,-1,15,16,9,2,-1,11,6,6,2,537,7,25,5,6,43,6,11,24,2,2,41,6,6,2,4,2,481,44,20,4,0,4
2022-05-21,10,1,19,0,0,5,26,4,94,14,28,-1,0,182,5,15,1,2,30,21,16,0,7,19,7,13,0,0,1,1,-1,2,-1,1,4,12,6,1,1,13,7,42,1,-3,5,19,22,4,5,3,21,0,-1,0,650,2,11,17,6,46,9,15,38,1,1,32,4,13,3,2,4,408,62,22,3,1,7
2022-05-28,14,0,0,1,9,-3,22,7,143,36,34,5,1,273,2,34,1,10,30,22,20,0,18,34,7,27,1,1,1,0,0,-2,9,0,2,7,2,-1,1,33,16,39,5,1,4,29,20,1,10,1,33,4,1,4,587,15,15,17,10,46,21,10,57,0,0,76,6,10,10,3,2,477,84,22,1,1,4
2022-06-04,11,0,8,5,7,3,19,15,176,27,54,-1,0,349,1,41,1,17,55,21,48,2,4,18,10,25,1,3,1,3,6,3,10,3,3,20,7,1,3,22,18,44,5,3,3,30,24,3,5,4,36,2,0,3,727,16,29,27,12,54,28,27,52,-2,0,82,5,27,16,6,0,642,69,35,6,1,13
2022-06-11,19,3,9,6,6,3,44,12,155,29,64,7,4,420,8,57,2,23,51,20,38,0,3,32,22,47,4,9,0,4,13,8,23,2,3,30,7,2,0,29,14,45,7,4,16,42,38,5,11,5,59,5,4,5,964,26,39,30,12,71,26,45,63,4,-1,91,17,17,9,9,3,825,113,28,4,5,15
2022-06-18,18,2,8,3,24,3,45,30,191,65,51,4,2,494,2,71,0,12,91,41,65,4,12,22,22,43,3,5,1,6,5,5,26,2,7,58,5,6,9,34,37,49,11,7,4,32,55,8,11,31,101,12,13,8,1287,19,58,64,20,117,49,66,67,3,10,130,17,35,17,17,4,863,113,54,15,3,22
2022-06-25,38,3,9,7,8,8,59,32,204,73,95,9,2,544,10,107,1,32,83,42,82,5,6,37,31,55,1,4,2,2,12,7,33,5,7,86,13,3,9,46,49,60,17,11,13,65,49,15,28,26,118,6,21,6,1223,32,149,60,16,151,72,87,122,12,4,141,22,87,37,25,6,1031,144,93,9,18,32
2022-07-02,87,2,22,2,18,3,99,67,265,116,110,25,9,688,9,149,5,32,104,39,79,5,10,49,20,69,5,3,5,3,9,23,36,2,20,102,12,4,7,91,61,72,27,18,22,73,69,44,37,50,144,23,16,11,1581,47,100,108,34,178,70,105,193,12,5,200,39,86,66,33,3,1270,157,86,6,11,23
2022-07-09,88,1,22,4,25,15,121,81,359,141,149,47,7,693,11,172,5,37,169,56,100,8,4,71,70,101,5,7,2,2,23,31,56,2,18,127,24,15,12,112,82,127,23,22,57,96,85,60,33,30,174,20,15,33,1956,53,91,113,39,159,111,147,199,17,5,236,61,127,97,34,11,1538,202,105,12,11,28
2022-07-16,82,1,38,13,58,29,143,85,322,178,114,55,3,771,17,346,10,33,162,74,100,9,11,100,76,108,10,8,7,3,29,42,87,16,36,89,23,9,21,132,92,136,33,27,72,117,97,40,56,42,248,30,12,33,1911,96,121,110,42,166,144,224,254,34,6,223,81,150,115,38,13,1661,225,133,22,11,45
2022-07-23,95,4,31,15,56,22,196,100,324,226,116,60,10,819,27,395,19,75,179,72,124,7,7,113,84,126,8,7,12,8,34,38,75,6,41,133,32,23,24,178,100,111,59,23,56,127,108,71,46,42,237,25,18,47,2174,133,118,110,46,205,151,255,272,40,6,254,94,153,89,56,19,1793,245,117,33,14,44
2022-07-30,114,1,46,17,61,24,197,114,434,255,151,44,6,928,14,387,19,51,208,103,106,7,13,134,70,185,12,10,16,10,30,35,93,14,44,174,36,32,31,204,120,165,34,19,44,146,117,50,46,54,181,26,17,44,2177,109,137,178,52,234,134,178,278,35,10,302,124,144,102,42,18,2080,288,157,31,6,18
2022-08-06,78,2,43,8,68,13,181,98,463,267,122,63,4,852,29,377,12,40,189,111,113,6,11,153,68,199,13,13,24,6,33,32,77,11,51,143,32,15,30,159,102,139,29,26,56,131,109,111,48,51,225,32,28,36,2047,91,144,105,29,217,191,216,292,27,12,289,97,116,105,46,26,1968,248,167,24,25,38
2022-08-13,117,13,27,8,63,17,214,72,502,272,122,68,11,1276,20,305,12,59,199,91,113,7,0,201,70,209,19,9,26,5,54,16,85,16,42,140,38,23,16,179,92,110,54,26,34,119,138,104,36,54,202,17,20,28,2376,102,107,93,57,126,171,253,241,31,18,253,102,87,91,36,14,1745,258,150,39,11,56
2022-08-20,73,6,35,7,61,29,170,69,312,195,98,52,2,796,27,288,12,41,219,88,93,11,6,143,46,95,31,15,25,4,32,22,75,12,40,150,40,19,20,160,82,68,33,42,37,86,94,107,50,63,171,19,12,32,1829,81,96,77,36,169,149,165,256,35,12,243,52,63,51,43,9,1496,175,116,23,10,17
2022-08-27,122,15,29,3,58,17,157,70,276,181,122,50,8,719,21,299,4,55,190,67,115,6,2,185,56,143,14,13,12,5,35,19,68,5,57,105,33,17,12,155,76,87,41,27,38,93,85,71,51,46,158,14,18,54,1632,95,81,69,46,157,168,158,269,34,11,252,57,111,47,41,9,1325,155,97,31,14,33
2022-09-03,126,4,31,20,57,13,183,85,440,211,147,85,28,975,30,288,2,58,187,74,146,6,13,150,77,183,13,20,19,6,19,20,76,11,38,111,55,18,28,150,106,99,28,20,33,106,99,91,49,45,206,20,31,25,2126,98,88,63,28,249,150,202,291,43,12,262,64,87,54,34,8,1317,186,112,32,12,32
2022-09-10,61,12,33,14,46,21,140,53,365,226,106,47,2,980,13,210,2,49,170,62,104,1,7,173,62,135,9,19,15,7,24,33,89,6,43,100,26,12,11,126,96,92,36,22,46,127,126,63,22,60,150,29,39,21,1887,84,78,50,44,264,200,179,306,35,4,242,54,66,70,30,8,1265,172,106,27,8,24
2022-09-17,42,15,17,7,35,16,88,44,223,139,90,28,2,611,12,124,6,41,125,52,84,8,9,128,40,80,10,9,1,4,13,15,57,6,18,118,10,18,16,102,46,53,17,13,37,92,73,42,22,29,113,20,22,16,1088,51,101,50,20,188,82,135,195,17,3,183,37,37,32,27,10,1223,154,89,21,13,19
2022-09-24,36,7,6,7,14,13,74,43,153,145,48,11,1,497,15,95,5,25,119,38,33,7,10,96,42,63,6,11,4,5,19,18,49,11,21,86,9,12,12,54,23,94,18,21,20,79,76,43,15,28,91,27,10,31,1028,35,66,64,17,103,83,165,133,10,5,138,42,48,57,19,5,892,136,76,18,10,19
2022-10-01,32,6,11,4,17,10,37,28,99,86,42,18,1,360,10,72,2,28,78,21,37,3,0,47,22,49,1,7,2,1,8,9,43,7,14,61,4,6,14,37,19,41,16,13,26,51,61,28,9,22,82,18,11,4,749,23,58,59,11,92,74,92,88,10,5,120,35,44,37,7,0,664,104,59,12,6,16
2022-10-08,14,4,4,3,12,8,20,14,83,41,33,23,0,324,11,45,0,19,61,8,52,2,2,33,16,27,5,5,7,0,1,3,31,4,9,29,11,6,5,49,21,39,8,3,10,40,35,21,18,25,88,14,2,7,560,32,38,42,4,57,44,81,75,5,0,99,24,30,33,6,7,529,90,29,13,3,6
2022-10-15,19,1,7,1,17,8,38,11,89,38,22,6,2,278,5,26,3,37,57,15,38,4,6,37,-10,23,1,2,4,0,7,5,13,0,4,31,15,4,3,40,22,21,14,4,11,31,14,15,4,7,61,6,0,6,419,60,17,42,13,38,38,54,54,1,3,92,14,15,22,8,3,579,45,28,2,2,37
2022-10-22,11,2,19,3,28,8,87,10,119,34,35,8,0,253,0,38,0,25,62,16,42,12,9,22,22,34,4,7,3,3,1,3,13,1,10,28,9,5,4,43,19,45,11,5,15,22,26,20,7,18,31,6,5,8,475,33,32,67,21,38,35,69,91,3,5,103,34,11,21,6,1,559,69,23,8,3,135
2022-10-29,15,4,2,3,14,15,25,14,109,79,37,2,0,245,1,35,0,10,58,17,34,2,2,34,13,40,3,3,11,0,3,5,38,3,9,29,16,3,2,25,17,28,11,2,12,48,29,17,3,10,65,1,2,14,472,34,33,35,7,44,34,23,69,4,3,51,13,22,12,10,3,587,59,37,15,8,11
2022-11-05,11,2,-1,0,18,6,37,12,105,38,28,13,0,209,0,63,0,17,60,20,41,1,7,17,14,32,3,-1,2,0,2,5,15,7,8,39,9,5,1,21,9,44,5,4,14,34,35,13,-2,9,56,6,7,19,545,32,29,22,7,32,32,36,57,3,3,67,21,60,36,7,4,615,69,42,10,8,38
2022-11-12,12,4,7,2,15,9,29,19,123,40,61,13,1,298,3,59,0,19,69,22,21,3,6,50,16,54,4,8,2,2,5,-2,20,0,13,46,9,3,3,20,40,33,4,5,16,32,41,20,4,13,54,8,4,6,655,49,32,48,16,65,24,35,62,-1,2,61,18,60,25,10,3,655,81,42,2,12,25
2022-11-19,8,2,3,2,31,9,24,17,133,36,32,12,0,247,1,78,2,6,73,20,27,2,9,22,30,58,5,5,20,9,0,8,35,0,23,44,10,8,3,27,20,29,13,7,7,43,36,25,10,3,46,5,2,10,500,28,44,40,4,47,26,137,125,7,2,87,24,33,51,7,1,618,75,44,10,7,12
2022-11-26,8,1,7,0,8,5,29,37,59,35,22,5,0,137,3,63,1,13,36,14,19,-1,4,11,8,29,1,0,12,1,8,0,20,2,12,17,4,2,4,16,15,18,11,-12,10,21,40,10,6,7,40,3,4,0,323,28,20,48,10,39,20,30,75,4,0,46,12,22,15,7,3,355,53,29,5,4,22
2022-12-03,59,1,7,1,61,13,43,57,191,87,44,17,0,502,-2,160,4,30,149,30,91,1,5,50,15,117,5,0,22,3,11,-18,16,-3,19,81,9,14,22,21,34,51,11,11,7,63,103,36,47,11,161,40,7,13,887,61,107,45,29,241,96,70,196,3,1,279,29,46,56,4,0,1195,127,83,35,22,35
2022-12-10,27,5,11,1,54,6,87,58,206,135,55,16,2,498,13,169,5,75,107,75,53,5,7,34,37,118,1,17,20,1,11,11,41,4,26,84,12,22,4,53,74,85,44,-90,41,72,144,78,7,61,98,18,11,20,1110,39,81,63,27,135,69,127,168,16,13,125,36,38,48,18,17,956,144,73,22,30,21
2022-12-17,29,2,8,1,29,15,123,58,158,112,81,27,3,389,3,214,16,41,110,48,53,2,6,64,49,111,3,11,11,2,5,10,40,8,29,235,14,36,13,71,57,43,23,-230,39,58,239,63,10,55,75,5,8,14,859,34,70,99,24,92,61,57,145,9,7,101,33,55,62,23,19,904,116,63,22,11,15
2022-12-24,25,10,21,3,41,15,112,37,167,301,104,8,5,456,13,132,12,30,89,31,61,4,7,65,72,71,4,10,2,-1,10,18,32,13,30,325,11,9,10,93,68,118,46,44,41,72,69,64,13,42,98,10,10,23,947,35,95,57,34,109,42,96,166,19,7,160,33,67,102,33,11,925,130,60,7,17,12
2022-12-31,29,3,160,2,46,5,122,21,175,183,90,25,2,537,25,154,7,18,77,41,36,3,8,56,32,60,3,6,5,3,3,6,31,3,32,83,20,11,13,90,50,74,11,15,16,62,67,41,9,29,119,12,13,24,1027,36,101,37,22,82,44,51,164,16,6,180,18,49,36,15,10,1001,110,67,11,10,11
2023-01-07,57,4,16,1,26,14,122,33,190,249,97,26,6,454,24,180,10,21,114,42,54,3,4,86,81,65,1,4,14,2,11,8,29,6,28,76,17,8,8,96,50,52,57,28,48,87,70,33,16,29,114,20,11,9,957,32,94,53,19,65,53,123,142,12,3,118,25,51,33,25,1,741,60,71,28,5,15
2023-01-14,45,5,30,6,29,17,139,49,145,190,73,17,1,489,8,137,6,20,120,67,60,3,5,60,42,56,4,3,5,1,5,15,25,10,26,99,3,16,18,76,80,62,21,11,38,70,54,63,29,29,100,4,6,19,806,56,52,76,19,84,53,130,161,15,1,123,24,49,29,17,1,982,130,65,21,5,26
2023-01-21,34,0,8,2,28,13,72,26,132,93,69,18,0,392,11,132,10,8,63,34,70,0,5,38,35,72,5,6,20,2,8,13,21,5,11,38,26,8,7,54,52,36,17,-92,20,157,153,22,-41,24,63,11,4,6,787,47,48,33,8,79,53,81,109,21,11,102,41,43,47,25,7,731,70,83,13,6,11
2023-01-28,32,5,8,6,21,3,93,66,127,106,55,11,3,313,10,154,12,17,114,44,39,5,3,41,48,210,0,6,1,3,10,9,43,25,19,51,14,12,13,49,29,48,21,1,26,150,38,25,-90,41,63,6,1,23,633,50,56,38,19,85,51,117,140,8,10,89,34,30,175,121,8,640,91,73,16,5,19
2023-02-04,56,5,6,4,40,9,61,64,96,76,53,23,2,351,5,124,6,21,101,50,55,2,2,34,26,54,3,11,17,3,3,13,51,10,22,41,13,12,7,43,25,32,12,12,16,40,49,29,32,19,95,9,4,19,656,35,81,36,14,104,55,146,92,21,8,122,19,30,79,78,1,723,77,66,14,0,9
2023-02-11,18,1,7,5,36,9,45,56,112,84,34,19,0,287,6,100,2,15,84,21,48,3,9,26,29,55,-1,7,9,1,2,5,34,10,8,43,4,10,6,17,24,55,9,-10,20,46,78,4,2,17,62,3,5,9,472,11,52,29,16,93,40,92,96,6,3,99,39,20,62,25,11,493,62,44,3,10,15
2023-02-18,14,2,5,3,21,7,54,60,155,54,35,13,7,322,2,78,3,17,67,14,29,4,1,52,33,46,2,6,3,1,7,8,25,11,8,29,15,5,5,40,26,48,7,7,10,22,51,17,9,14,48,7,12,9,442,12,68,20,20,85,38,92,96,9,5,73,38,14,28,22,3,488,46,90,3,7,8
2023-02-25,0,0,0,0,0,0,0,0,0,0,0,0,0,0,0,0,0,0,0,0,0,0,0,0,0,0,0,0,0,0,0,0,0,0,0,0,0,0,0,0,0,0,0,0,0,0,0,0,0,0,0,0,0,0,0,0,0,0,0,0,0,0,0,0,0,0,0,0,0,0,0,0,0,0,0,0,0
