index_col,o_name,o_pop,sir_net_fit_no_NO2_SSR,sir_net_fit_no_NO2_mse,sir_net_fit_no_NO2_mae,sir_net_fit_no_NO2_rmse,sir_net_fit_no_NO2_nrmse,sir_net_fit_no_NO2_r2,sir_net_fit_no_NO2_mape,sir_net_fit_no_NO2_pae,sir_net_fit_no_NO2_pa,sir_net_fit_no_NO2_pe,sir_net_fit_SSR,sir_net_fit_mse,sir_net_fit_mae,sir_net_fit_rmse,sir_net_fit_nrmse,sir_net_fit_r2,sir_net_fit_mape,sir_net_fit_pae,sir_net_fit_pa,sir_net_fit_pe
1,Adair County,22606,110865.0282,1583.786117,20.64902901,39.79681038,0.1287922666,0.6008883526,1.14E+17,0.4480570461,0.4143908635,-0.3238251764,111558.8312,1593.697588,20.73129725,39.92114212,0.1291946347,0.5983906771,1.14E+17,0.4498421597,0.4133167392,-0.3277953393
2,Alfalfa County,5797,80994.21023,1157.060146,10.90491546,34.01558681,0.1405602761,0.2675079451,1.78E+17,0.6609039671,0.2684209221,-0.5156991944,81298.3478,1161.404969,10.92954596,34.07939214,0.1408239345,0.2647573985,1.78E+17,0.6623967248,0.2676251097,-0.5190703902
3,Atoka County,15002,31412.66197,448.7523139,10.54208293,21.18377478,0.1283865138,0.6864773593,4.68E+16,0.3914831858,0.4315492369,-0.2320512793,31598.33623,451.4048033,10.55207378,21.24628917,0.1287653889,0.6846241867,4.69E+16,0.3918541987,0.4312379657,-0.234836922
4,Beaver County,5569,2378.681848,33.98116926,3.509690067,5.829336949,0.1214445198,0.6236135281,1.24E+17,0.5172174835,0.344078959,0.1312943212,2329.858993,33.2836999,3.469637805,5.769202709,0.1201917231,0.6313389253,1.23E+17,0.5113150449,0.3439003186,0.1132398429
5,Beckham County,22305,87305.06954,1247.215279,17.68887925,35.3159352,0.1792687066,0.5996270696,1.03E+17,0.4266786863,0.4165579985,-0.258351732,87963.95075,1256.627868,17.73498202,35.44894734,0.1799438951,0.5966055017,1.03E+17,0.4277907448,0.4155393016,-0.264170763
6,Blaine County,10377,5917.029847,84.52899781,5.876088356,9.193965293,0.1094519678,0.8093288453,6.74E+16,0.3898826397,0.4146175073,-0.05089770938,5931.196075,84.7313725,5.863840058,9.204964557,0.1095829114,0.8088723509,6.73E+16,0.3890699565,0.4141775529,-0.05608394028
7,Bryan County,47088,190370.7729,2719.58247,32.44495715,52.1496162,0.1207167042,0.767736079,757990369227091,0.3651948867,0.4383238665,-0.2693941428,191552.8923,2736.46989,32.54639119,52.3112788,0.1210909232,0.7662938214,758198912002075,0.3663366109,0.4376557818,-0.271307486
8,Caddo County,30017,85393.0429,1219.900613,23.05121185,34.92707564,0.1212745682,0.7498081866,4.88E+16,0.4036989816,0.4481061638,-0.2753531671,86263.19847,1232.331407,23.15635968,35.10457815,0.1218908963,0.7472587306,4.88E+16,0.4055404497,0.4472358945,-0.2784749871
9,Canadian County,146251,774665.2171,11066.64596,71.80337406,105.1981272,0.09203685666,0.8724371749,194852602774763,0.2878550017,0.5006822219,-0.1917907377,775700.9667,11081.44238,71.85209812,105.2684301,0.09209836407,0.8722666198,195278154942984,0.2880503332,0.500919892,-0.1920709281
10,Carter County,48999,687294.0729,9818.486756,40.89352737,99.08827759,0.1160284281,0.5406848892,1.90E+15,0.4517195701,0.4749967611,-0.2539010493,688310.4417,9833.00631,40.86108014,99.16151627,0.1161141877,0.5400056551,1.90E+15,0.4513611504,0.4752691594,-0.2558859543
11,Cherokee County,49406,197624.7604,2823.210862,32.31032367,53.13389561,0.1071247895,0.7629065221,2.37E+16,0.3960291817,0.4206659955,-0.1652215334,198567.0216,2836.671738,32.36291846,53.26041436,0.1073798677,0.7617760767,2.37E+16,0.3966738386,0.4204080702,-0.1682658475
12,Choctaw County,15269,18961.21511,270.8745016,9.829584026,16.45826545,0.1015942312,0.70761175,3.81E+16,0.4213538774,0.4117151234,-0.09776735042,18960.99071,270.8712959,9.824719255,16.45816806,0.10159363,0.7076152103,3.82E+16,0.4211453447,0.4113655081,-0.1015875838
13,Cimarron County,2390,2452.873047,35.04104353,3.123764747,5.919547579,0.1909531477,0.05797961628,2.95E+17,0.9984636177,0.1875753812,0.0530407032,2419.16033,34.55943328,3.093748195,5.878727182,0.1896363607,0.07092690982,2.92E+17,0.9888692861,0.1883590475,0.03081968908
14,Cleveland County,291203,3202034.456,45743.34937,146.6121563,213.8769491,0.1070991233,0.8174846573,434654236946605,0.3267175265,0.5115733515,-0.1054706697,3201989.295,45742.70421,146.5905748,213.8754409,0.107098368,0.8174872315,435765044231045,0.3266694333,0.5120082923,-0.1049675965
15,Coal County,6203,7573.236736,108.1890962,5.286841684,10.40139876,0.13686051,0.6360183242,1.61E+17,0.5249346353,0.3140297911,-0.1510014795,7600.73285,108.5818979,5.292660133,10.42026381,0.1371087343,0.6346968176,1.61E+17,0.5255123537,0.3139116553,-0.1535806846
16,Comanche County,124106,1046347.744,14947.82491,81.49742696,122.2612977,0.1286961028,0.719738136,325486316589783,0.3959755596,0.4517982353,-0.1687880227,1041760.455,14882.29221,81.24192165,121.9930007,0.1284136849,0.720966831,325299953623199,0.3947341234,0.4519939364,-0.1734765184
17,Cotton County,6376,3300.989289,47.15698985,4.118672289,6.867094717,0.1204753459,0.7883285345,6.94E+16,0.4136399717,0.4218448905,-0.1173100399,3330.684799,47.58121141,4.113345775,6.897913555,0.1210160273,0.7864243502,6.94E+16,0.4131050276,0.4221478877,-0.1223337368
18,Craig County,14836,62468.62312,892.4089018,14.07413735,29.87321378,0.1436212201,0.4854799379,6.40E+15,0.4798780391,0.4387665179,-0.3026804255,62647.18136,894.9597337,14.0970147,29.91587762,0.1438263347,0.4840092508,6.40E+15,0.4806580755,0.4385324243,-0.3051385856
19,Creek County,74667,215676.7009,3081.095727,36.74388696,55.50761864,0.109052296,0.7923576348,3.05E+15,0.3622636743,0.5084997226,0.01480477873,215410.8097,3077.297282,36.7207289,55.47339256,0.1089850541,0.792613621,3.06E+15,0.3620353553,0.5087811131,0.01449368222
20,Custer County,29426,158232.8544,2260.469348,28.21293485,47.54439344,0.1518990206,0.6708041563,7.86E+16,0.4830981995,0.3654067963,-0.3054336607,160303.4826,2290.049751,28.38464651,47.85446427,0.1528896622,0.666496314,7.85E+16,0.4860384676,0.3640926183,-0.3100215166
21,Delaware County,45961,117515.1178,1678.787397,26.7526722,40.97300815,0.09528606546,0.7589889725,8.79E+15,0.3917755343,0.4794918556,-0.07218335804,117188.9121,1674.127315,26.66256584,40.91610093,0.09515372309,0.7596579858,8.76E+15,0.3904559852,0.4795187448,-0.07634684133
22,Dewey County,4858,4700.865082,67.15521546,4.391704616,8.19482858,0.1260742858,0.6516923096,1.42E+17,0.5559119767,0.02395282923,-0.1523320584,4753.942039,67.9134577,4.401666707,8.240962183,0.1267840336,0.6477596053,1.42E+17,0.5571730009,0.02071727092,-0.159025376
23,Ellis County,4112,9091.339821,129.8762832,4.39952348,11.39632762,0.1095800732,0.3558773853,1.96E+17,0.8626516627,0.1730486232,0.1114197643,9123.326294,130.3332328,4.380911259,11.41635812,0.1097726742,0.3536111395,1.95E+17,0.8590022076,0.1730781071,0.1004900785
24,Garfield County,61816,364018.0531,5200.257902,45.74682425,72.11281371,0.1234808454,0.7163251014,743259754106022,0.4087144477,0.4649434995,-0.2386989751,366885.2888,5241.218411,45.87789575,72.39625965,0.123966198,0.714090699,742156473010304,0.4098854757,0.4640925526,-0.2427681125
25,Garvin County,28231,107327.7386,1533.253408,20.31954398,39.15677985,0.1148292664,0.7244657903,1.13E+16,0.3907604612,0.2369968479,-0.2516259325,107584.0641,1536.915202,20.34612138,39.20351007,0.1149663052,0.7238077455,1.13E+16,0.391271565,0.2375905423,-0.2523416734
26,Grady County,57079,161513.3419,2307.333455,31.63802871,48.03471094,0.1132894126,0.7949338585,68102419731017,0.3690488268,0.4941263146,-0.08220314135,161459.7024,2306.567176,31.65223619,48.02673398,0.113270599,0.7950019622,68233268910025,0.3692145531,0.4942172284,-0.0830378605
27,Grant County,4815,1934.324103,27.63320148,2.653451332,5.256729161,0.09222331862,0.8076690962,1.02E+17,0.3383271279,0.3727143572,-0.1537110357,1964.279951,28.06114216,2.667282631,5.297276862,0.0929346818,0.8046905699,1.02E+17,0.3400906815,0.3716451838,-0.1587682949
28,Greer County,6019,4194.772872,59.92532675,4.286277583,7.741145054,0.168285762,0.5026219399,5.57E+16,0.5137661486,0.3678690197,-0.005501175495,4162.945646,59.47065209,4.258803707,7.711721733,0.1676461246,0.5063957233,5.57E+16,0.5104730471,0.3685547887,-0.01345798529
29,Harmon County,2853,2845.122372,40.64460532,3.446084729,6.375312174,0.1482630738,0.3968930926,8.34E+16,0.7376939786,0.2829024977,-0.1581268371,2850.45667,40.72080957,3.441203977,6.381285887,0.1484019974,0.3957623322,8.28E+16,0.7366491693,0.2824404213,-0.1652686174
30,Harper County,3600,5510.019061,78.71455802,3.8148229,8.872122521,0.1285814858,0.4799878467,1.57E+17,0.6327905284,0.2954767255,-0.1768423556,5569.552374,79.56503392,3.824502968,8.919923426,0.1292742525,0.4743693459,1.56E+17,0.6343962269,0.2942847264,-0.1859068788
31,Haskell County,12976,14029.24445,200.4177779,8.689871233,14.1568986,0.1705650433,0.6236820935,1.51E+17,0.4801033831,0.3894302328,-0.01175925479,13963.46608,199.4780869,8.687568161,14.12367115,0.1701647127,0.6254465205,1.51E+17,0.4799761415,0.3889263101,-0.01671970193
32,Hughes County,13844,13732.89788,196.1842555,8.460272145,14.00657901,0.1945358195,0.5095095815,6.70E+16,0.4726409019,0.4423405348,0.06612089727,13642.94399,194.8991998,8.426781172,13.96063035,0.1938976438,0.5127224158,6.70E+16,0.4707698979,0.442715084,0.0636534658
33,Jackson County,25636,114602.2099,1637.174427,23.24879006,40.46201215,0.1847580463,0.4309124434,2.47E+16,0.5194431231,0.1826014376,-0.2104448657,114926.1699,1641.802427,23.28817068,40.51916123,0.1850190011,0.4293037344,2.47E+16,0.5203229963,0.1799350135,-0.2165429523
34,Jefferson County,6312,5175.500396,73.93571994,4.596663637,8.598588253,0.1088428893,0.7471242111,1.61E+17,0.4531921895,0.3844398817,-0.1421689072,5216.622195,74.52317422,4.607191053,8.632680593,0.1092744379,0.7451149933,1.61E+17,0.4542301039,0.3844908533,-0.1459314177
35,Johnston County,11623,13597.31959,194.2474226,7.013766159,13.9372674,0.0988458681,0.7511917127,1.48E+17,0.3544863763,0.1720413745,-0.19022966,13647.65735,194.9665335,7.035639439,13.9630417,0.09902866454,0.7502706156,1.48E+17,0.355591885,0.1717533875,-0.192186996
36,Kay County,44927,190509.1923,2721.559889,29.93705408,52.16857186,0.1188350156,0.7917529812,2.43E+15,0.3916997731,0.5129258002,-0.1896876226,192984.5085,2756.921551,30.10937099,52.50639533,0.1196045452,0.7890471945,2.42E+15,0.3939543867,0.5118002479,-0.1943311381
37,Kingfisher County,15940,23122.2815,330.3183072,10.81561001,18.17466113,0.1143060448,0.7713756962,1.85E+17,0.3680567335,0.2966783727,-0.2522646194,23279.99308,332.5713298,10.85833695,18.23653832,0.1146952095,0.7698163042,1.85E+17,0.3695107372,0.2960607796,-0.2543468459
38,Kiowa County,9203,3816.332243,54.51903204,4.643766826,7.38370043,0.1070101512,0.8081844398,2.19E+17,0.3959362702,0.215963032,0.08163154673,3799.507781,54.27868258,4.628312861,7.367406775,0.1067740112,0.8090300668,2.18E+17,0.3946186361,0.2146780387,0.07398891856
39,Latimer County,11092,8504.071557,121.4867365,6.665256112,11.02210218,0.1597406113,0.5704530892,1.70E+17,0.5528056017,0.3975563469,0.2681305289,8361.824953,119.4546422,6.618294772,10.92953074,0.1583989962,0.5776380699,1.70E+17,0.5489107038,0.3980148808,0.261289758
40,Le Flore County,52433,145626.5423,2080.379176,31.10456761,45.61117381,0.1078278341,0.7693697294,1.34E+16,0.3833309388,0.476656618,-0.1092574919,145148.3746,2073.548208,30.932982,45.53622962,0.107650661,0.7701270086,1.33E+16,0.3812163275,0.4768112188,-0.1157843459
41,Lincoln County,36511,37731.62092,539.0231561,15.35145057,23.21687223,0.1074855196,0.8394234043,2.13E+16,0.3275225662,0.4407248052,0.07377693678,37582.17571,536.8882245,15.31799231,23.17084859,0.1072724472,0.8400594067,2.14E+16,0.3268087356,0.4412580301,0.07287675217
42,Logan County,47692,92203.74647,1317.196378,20.65062864,36.29320016,0.09402383462,0.8115917329,1.42E+16,0.3346941434,0.5361228015,0.06550878021,92226.33234,1317.519033,20.65307213,36.29764501,0.09403534977,0.8115455811,1.43E+16,0.334733746,0.5365135937,0.06577087185
43,Love County,10557,32440.82229,463.4403184,10.77216441,21.52766402,0.1371188791,0.5820898035,2.54E+16,0.4918796535,0.3848274471,-0.3355057066,32552.90035,465.0414335,10.78127186,21.56481935,0.1373555372,0.5806459879,2.55E+16,0.4922955187,0.3848112355,-0.3371808772
44,Major County,7812,14086.29773,201.2328247,6.385398068,14.18565559,0.1074670878,0.6192663184,1.24E+17,0.4675500677,0.340093702,-0.2115062462,14219.24159,203.1320227,6.422723218,14.25243919,0.1079730241,0.6156730245,1.24E+17,0.4702830808,0.3387855993,-0.2165362029
45,Marshall County,17316,36462.65571,520.8950815,12.98819175,22.82312602,0.1289442148,0.7170523463,6.79E+16,0.4413463217,0.4136323643,-0.1889020465,36552.93123,522.1847318,12.98816577,22.85136171,0.1291037385,0.7163518146,6.81E+16,0.4413454386,0.41368622,-0.1903793247
46,Mayes County,43357,72628.02533,1037.543219,22.01996912,32.2109177,0.1080903278,0.8241236873,4.49E+15,0.3582146964,0.4981376531,-0.02771174409,72410.7142,1034.438774,21.97197788,32.16269227,0.1079284976,0.8246499288,4.50E+15,0.3574339883,0.4983141897,-0.02985205006
47,McClain County,42393,102676.54,1466.807715,25.95865454,38.29892576,0.1227529672,0.8287928994,57236870536494,0.3390755398,0.4809401082,-0.2366840345,102744.4082,1467.777259,25.95971216,38.31158127,0.1227935297,0.8286797333,57368273677451,0.3390893546,0.4812102304,-0.2366868199
48,McCurtain County,33184,136633.6892,1951.909846,29.9208641,44.18042379,0.1848553296,0.3902577598,3.22E+15,0.5228308754,0.4194080963,-0.2006965827,136314.645,1947.352072,29.89524251,44.12881226,0.1846393819,0.3916815281,3.20E+15,0.5223831692,0.4188950671,-0.2049711223
49,McIntosh County,20233,16258.1609,232.2594414,10.16593102,15.24006041,0.1043839754,0.8297324149,2.06E+16,0.3508950549,0.4739315345,-0.03729239459,16234.15565,231.9165093,10.15434267,15.22880525,0.1043068853,0.8299838158,2.06E+16,0.3504950626,0.4739171448,-0.03988245884
50,Murray County,14463,39609.18318,565.845474,12.43050571,23.78750668,0.1189375334,0.7003600765,2.87E+16,0.4263279765,0.4389002358,-0.3162319434,39758.59315,567.9799022,12.45687545,23.83232893,0.1191616446,0.6992298034,2.87E+16,0.4272323772,0.4386964987,-0.3173698706
51,Muskogee County,70573,767823.9823,10968.91403,60.23395922,104.7325834,0.1683803592,0.6780015953,7.80E+15,0.4469341896,0.4359267647,-0.2781500249,771899.0747,11027.12964,60.37964991,105.0101406,0.1688265927,0.6762926447,7.80E+15,0.4480152103,0.4355722293,-0.2803620329
52,Noble County,11630,25870.98548,369.5855069,8.711528565,19.22460681,0.1050524962,0.6771811309,2.66E+17,0.4409305854,0.373171236,-0.1885611041,26027.43364,371.8204806,8.74157266,19.28264714,0.1053696565,0.6752289665,2.66E+17,0.4424512554,0.3727287526,-0.1915342329
53,Nowata County,10443,7375.042061,105.3577437,6.091105207,10.26439203,0.1006312944,0.7926628389,9.96E+16,0.3644250978,0.449397902,-0.1387133841,7396.831935,105.6690276,6.092864731,10.27954414,0.1007798445,0.7920502524,9.96E+16,0.3645303685,0.4493304561,-0.140779543
54,Okfuskee County,12466,90253.94702,1289.3421,13.44126918,35.9074101,0.1287003946,0.4040511158,8.11E+16,0.5212680569,0.4048124675,-0.3335771768,90373.40575,1291.048654,13.45857274,35.93116549,0.1287855394,0.403262327,8.11E+16,0.521939109,0.4047232172,-0.3347781261
55,Oklahoma County,800209,25508799.6,364411.4229,431.3938496,603.6649923,0.1170120163,0.8148742345,59.41980725,0.3438457975,0.4837772575,-0.1207963789,25503276.96,364332.528,431.3101334,603.5996422,0.1169993491,0.8149143141,59.40324642,0.3437790708,0.4841745802,-0.1201045021
56,Okmulgee County,38856,84611.14492,1208.730642,25.55377869,34.76680373,0.1358078271,0.679114217,1.29E+16,0.4577186561,0.4176762203,-0.04057298354,84339.24576,1204.846368,25.50866578,34.71089696,0.1355894413,0.6801453882,1.30E+16,0.4569105948,0.4179634858,-0.04193543029
57,Osage County,48489,132891.5386,1898.450552,28.4386128,43.57121242,0.132033977,0.7067197731,1.88E+15,0.4136955312,0.4664265283,-0.02763333512,132594.1332,1894.201903,28.39255076,43.52242988,0.1318861512,0.7073761213,1.88E+15,0.4130254682,0.4666800804,-0.02863437567
58,Ottawa County,31406,102182.1369,1459.744813,26.58724758,38.20660692,0.1350056782,0.6375790904,1.58E+16,0.4398741032,0.4177982129,-0.2837415313,102684.9648,1466.928069,26.62481084,38.30049698,0.1353374452,0.6357956539,1.57E+16,0.4404955705,0.4173693195,-0.2873518693
59,Pawnee County,17291,23030.96049,329.0137213,10.94023014,18.13873538,0.1304944992,0.7564918719,8.36E+16,0.4252171625,0.4431029416,-0.07356644446,23054.20797,329.3458281,10.94196022,18.1478877,0.1305603432,0.7562460745,8.36E+16,0.4252844059,0.4431903895,-0.07503255567
60,Payne County,83287,581146.5906,8302.094151,56.77905636,91.11582821,0.1172661882,0.6441103356,5.73E+16,0.4555861927,0.4492592548,-0.07878509007,580043.1381,8286.330544,56.65940007,91.02928399,0.1171548057,0.6447860814,5.74E+16,0.4546260895,0.4495046488,-0.08127584413
61,Pittsburg County,45328,121960.2784,1742.289692,25.23291521,41.74074379,0.1216931306,0.7605408006,1.75E+16,0.3770930967,0.4618509784,-0.06621393002,121709.745,1738.710643,25.15087655,41.69784938,0.121568074,0.7610327029,1.75E+16,0.3758670705,0.4620145604,-0.06988215747
62,Pontotoc County,39002,180862.1192,2583.744559,25.73971119,50.8305475,0.1239769451,0.7689882242,7.96E+15,0.3477667986,0.5082114395,-0.2736142231,181950.157,2599.287958,25.81423139,50.98321251,0.1243492988,0.7675984939,7.97E+15,0.3487736339,0.5078565128,-0.2751552236
63,Pottawatomie County,73598,181591.1395,2594.159136,32.67463968,50.93288855,0.1012582277,0.8743003486,6.86E+15,0.2713196652,0.5380255711,-0.1575707968,181779.5865,2596.851236,32.67902196,50.95930961,0.1013107547,0.8741699032,6.88E+15,0.2713560542,0.5382341815,-0.157947412
64,Pushmataha County,12139,15662.04549,223.743507,8.206417127,14.95805826,0.1141836509,0.5307595745,1.06E+17,0.5648468033,0.3501113085,0.1517449278,15540.90191,222.0128844,8.174566216,14.90009679,0.1137411969,0.5343890789,1.06E+17,0.5626545085,0.3502651574,0.146136583
65,Roger Mills County,3797,3325.67302,47.50961457,3.378785408,6.892721855,0.1111729331,0.5461159848,1.73E+17,0.606448663,0.2679381639,-0.06055995282,3336.897656,47.66996652,3.375662972,6.904344032,0.1113603876,0.5445840594,1.73E+17,0.6058882257,0.2682494175,-0.06818212738
66,Rogers County,96326,445835.5052,6369.078645,52.36713448,79.80650754,0.09355979782,0.8222435987,6.81E+15,0.3420452938,0.4878114037,-0.1326724007,446184.5373,6374.064819,52.36322418,79.83774057,0.09359641333,0.8221044381,6.83E+15,0.3420197529,0.4881977073,-0.1328571052
67,Seminole County,25066,46371.26217,662.4466024,16.36413135,25.73803805,0.1186084703,0.7582788595,3.53E+16,0.3965002404,0.4635460105,-0.1627933516,46421.62518,663.166074,16.36490604,25.75201107,0.1186728621,0.7580163304,3.53E+16,0.396519011,0.4636305488,-0.1639731586
68,Sequoyah County,43820,161639.7002,2309.138575,29.71799629,48.05349701,0.1186506099,0.5667478464,5.03E+15,0.4937715976,0.4981819282,0.003641650895,159932.5506,2284.750722,29.52731366,47.79906612,0.1180223855,0.5713236175,5.00E+15,0.4906033601,0.4980896232,-0.002434258778
69,Stephens County,44423,83892.0679,1198.458113,20.96522869,34.61875377,0.09616320493,0.8845526934,2.10E+15,0.2980434623,0.5250367066,-0.1294716754,85176.50981,1216.807283,21.09253428,34.88276484,0.09689656901,0.8827851203,2.10E+15,0.2998532493,0.5244572936,-0.1331586079
70,Texas County,21122,249260.8639,3560.869484,32.06030374,59.67302141,0.1906486307,0.07577217675,8.30E+15,0.6332452771,0.3958891054,-0.4249137812,251501.3068,3592.875812,32.47316148,59.94060236,0.1915035219,0.06746489722,8.42E+15,0.6413999163,0.3916678663,-0.4360668287
71,Tillman County,7769,2983.348549,42.61926498,4.284217653,6.528343204,0.1165775572,0.8345474307,5.84E+16,0.3716173924,0.4006934776,-0.07106776357,3018.6868,43.12409714,4.307480713,6.566894025,0.1172659647,0.832587618,5.84E+16,0.3736352539,0.399659477,-0.07738987925
72,Tulsa County,648914,19391652.5,277023.6071,379.4503783,526.3303213,0.1162133631,0.7932412152,68.57467496,0.3478870804,0.4735812824,-0.1798039283,19389581.9,276994.0271,379.3637244,526.3022203,0.1162071584,0.7932632924,68.56431212,0.3478076345,0.473899217,-0.1794870363
73,Wagoner County,84652,481340.8503,6876.297862,56.13621655,82.92344579,0.1153316353,0.7103328279,3.55E+15,0.4740090662,0.4406212142,-0.01463623766,481296.1488,6875.659269,56.13471635,82.91959521,0.1153262798,0.7103597289,3.56E+15,0.4739963986,0.4408590825,-0.01485485932
74,Washington County,51474,99198.10896,1417.115842,27.95950139,37.64459911,0.1123719376,0.7886376629,553412241600750,0.3686504233,0.5031912331,-0.06441495284,98632.57796,1409.036828,27.89553241,37.53713932,0.1120511621,0.7898426451,553642231210145,0.3678069823,0.5034528114,-0.0667262607
75,Washita County,11472,8474.376701,121.0625243,6.506371882,11.00284165,0.1134313572,0.813410704,1.13E+17,0.4182240879,0.2023889281,0.01649332021,8561.615284,122.3087898,6.521032567,11.05933044,0.1140137159,0.8114898801,1.12E+17,0.4191664644,0.1997528949,0.008922489331
76,Woods County,8895,38703.42828,552.9061183,11.01209732,23.51395582,0.1667656441,0.515001579,1.89E+17,0.6318416496,0.3079415652,-0.2964737572,39069.99281,558.1427545,11.03068764,23.62504507,0.1675535111,0.5104081043,1.88E+17,0.6329083071,0.3080442478,-0.3021872839
77,Woodward County,20503,564123.8862,8058.912659,25.88934654,89.77144679,0.1243371839,0.1650419883,3.57E+16,0.5711485211,0.4486458155,-0.3764938286,565508.1656,8078.68808,25.93952512,89.88152246,0.1244896433,0.1629931206,3.56E+16,0.572255518,0.447743721,-0.3822438878