index_col,o_name,o_pop,sir_baseline_SSR,sir_baseline_mse,sir_baseline_mae,sir_baseline_rmse,sir_baseline_nrmse,sir_baseline_r2,sir_baseline_mape,sir_baseline_pae,sir_baseline_pa,sir_baseline_pe,sir_net_fit_SSR,sir_net_fit_mse,sir_net_fit_mae,sir_net_fit_rmse,sir_net_fit_nrmse,sir_net_fit_r2,sir_net_fit_mape,sir_net_fit_pae,sir_net_fit_pa,sir_net_fit_pe
1,Adair County,22606,158352.1486,2262.173551,28.0638645,47.5623123,0.1539233408,0.4299357702,3.32E+17,0.6089493228,0.4890606614,-0.01296006973,111558.8312,1593.697588,20.73129725,39.92114212,0.1291946347,0.5983906771,1.14E+17,0.4498421597,0.4133167392,-0.3277953393
2,Alfalfa County,5797,87717.44476,1253.106354,15.67760956,35.39924228,0.1462778606,0.2067046375,1.02E+18,0.9501581553,0.2311528968,-0.182406656,81298.3478,1161.404969,10.92954596,34.07939214,0.1408239345,0.2647573985,1.78E+17,0.6623967248,0.2676251097,-0.5190703902
3,Atoka County,15002,35546.40852,507.805836,15.29762081,22.53454761,0.1365730158,0.6452193743,3.33E+17,0.5680814095,0.4441491812,0.1508601061,31598.33623,451.4048033,10.55207378,21.24628917,0.1287653889,0.6846241867,4.69E+16,0.3918541987,0.4312379657,-0.234836922
4,Beaver County,5569,3515.210817,50.21729739,5.291541831,7.0864164,0.147633675,0.4437768975,5.61E+17,0.7798061645,0.3667835878,0.1506584824,2329.858993,33.2836999,3.469637805,5.769202709,0.1201917231,0.6313389253,1.23E+17,0.5113150449,0.3439003186,0.1132398429
5,Beckham County,22305,68016.30139,971.6614484,21.3809446,31.17148454,0.158230886,0.6880835667,5.77E+17,0.5157360862,0.4228928276,0.1013211109,87963.95075,1256.627868,17.73498202,35.44894734,0.1799438951,0.5966055017,1.03E+17,0.4277907448,0.4155393016,-0.264170763
6,Blaine County,10377,12514.84164,178.7834521,9.668090095,13.37099293,0.1591784873,0.5967200827,2.54E+17,0.6414846508,0.4555493667,0.166571269,5931.196075,84.7313725,5.863840058,9.204964557,0.1095829114,0.8088723509,6.73E+16,0.3890699565,0.4141775529,-0.05608394028
7,Bryan County,47088,153829.2648,2197.560926,31.59146139,46.87814977,0.1085142356,0.8123189412,1.35E+16,0.3555880845,0.5995403999,0.05541312632,191552.8923,2736.46989,32.54639119,52.3112788,0.1210909232,0.7662938214,758198912002075,0.3663366109,0.4376557818,-0.271307486
8,Caddo County,30017,86887.55731,1241.250819,24.21256931,35.23138968,0.1223312142,0.7454294309,1.45E+17,0.4240379914,0.5482424949,0.06339555637,86263.19847,1232.331407,23.15635968,35.10457815,0.1218908963,0.7472587306,4.88E+16,0.4055404497,0.4472358945,-0.2784749871
9,Canadian County,146251,865523.2799,12364.61828,73.2623874,111.1963052,0.09728460645,0.8574757297,72.19394486,0.2937040901,0.6443923658,0.04216821045,775700.9667,11081.44238,71.85209812,105.2684301,0.09209836407,0.8722666198,195278154942984,0.2880503332,0.500919892,-0.1920709281
10,Carter County,48999,695804.4796,9940.063994,52.67475295,99.69986958,0.116744578,0.534997428,4.46E+16,0.5818577729,0.5130271792,0.1327971061,688310.4417,9833.00631,40.86108014,99.16151627,0.1161141877,0.5400056551,1.90E+15,0.4513611504,0.4752691594,-0.2558859543
11,Cherokee County,49406,257058.5593,3672.265132,37.74027547,60.59921726,0.1221758412,0.6916028754,7.83E+16,0.4625843605,0.5348987746,0.0664178948,198567.0216,2836.671738,32.36291846,53.26041436,0.1073798677,0.7617760767,2.37E+16,0.3966738386,0.4204080702,-0.1682658475
12,Choctaw County,15269,28054.18564,400.7740805,12.30362909,20.01934266,0.1235761893,0.567395117,2.28E+17,0.5274060236,0.4991964083,0.09614153069,18960.99071,270.8712959,9.824719255,16.45816806,0.10159363,0.7076152103,3.82E+16,0.4211453447,0.4113655081,-0.1015875838
13,Cimarron County,2390,2384.515103,34.06450147,3.42617838,5.83648023,0.1882735558,0.08423233132,5.98E+17,1.095125509,0.2632988902,0.01997344252,2419.16033,34.55943328,3.093748195,5.878727182,0.1896363607,0.07092690982,2.92E+17,0.9888692861,0.1883590475,0.03081968908
14,Cleveland County,291203,4468983.822,63842.62604,177.1566499,252.6709838,0.1265252798,0.7452687893,105.4829437,0.3947843339,0.5833921192,0.06516484748,3201989.295,45742.70421,146.5905748,213.8754409,0.107098368,0.8174872315,435765044231045,0.3266694333,0.5120082923,-0.1049675965
15,Coal County,6203,9838.171985,140.5453141,7.399753844,11.8551809,0.1559892223,0.5271619717,3.86E+17,0.734727332,0.3982212253,0.180854959,7600.73285,108.5818979,5.292660133,10.42026381,0.1371087343,0.6346968176,1.61E+17,0.5255123537,0.3139116553,-0.1535806846
16,Comanche County,124106,1067707.989,15252.97126,84.99787637,123.5029201,0.1300030738,0.7140168431,70.95079737,0.4129833654,0.6263091761,0.08226544389,1041760.455,14882.29221,81.24192165,121.9930007,0.1284136849,0.720966831,325299953623199,0.3947341234,0.4519939364,-0.1734765184
17,Cotton County,6376,15965.37415,228.0767736,10.39500072,15.10221088,0.2649510681,-0.02375798497,7.57E+17,1.043974248,0.3140038209,-0.1520379679,3330.684799,47.58121141,4.113345775,6.897913555,0.1210160273,0.7864243502,6.94E+16,0.4131050276,0.4221478877,-0.1223337368
18,Craig County,14836,57954.44331,827.9206187,17.95826214,28.77360976,0.1383346623,0.522660781,1.29E+17,0.6123128836,0.4898530252,0.09779401578,62647.18136,894.9597337,14.0970147,29.91587762,0.1438263347,0.4840092508,6.40E+15,0.4806580755,0.4385324243,-0.3051385856
19,Creek County,74667,562403.3448,8034.333497,70.63759593,89.6344437,0.1760991035,0.458547167,327.5730881,0.6964270022,0.4498820407,0.1423041058,215410.8097,3077.297282,36.7207289,55.47339256,0.1089850541,0.792613621,3.06E+15,0.3620353553,0.5087811131,0.01449368222
20,Custer County,29426,137440.7233,1963.438905,30.37768216,44.31070869,0.1415677594,0.714061185,3.48E+17,0.5201657905,0.4716550883,0.1493804059,160303.4826,2290.049751,28.38464651,47.85446427,0.1528896622,0.666496314,7.85E+16,0.4860384676,0.3640926183,-0.3100215166
21,Delaware County,45961,193429.2989,2763.275698,34.83089997,52.56686883,0.1222485322,0.6032970485,1.42E+17,0.510075941,0.5422004134,0.1096663004,117188.9121,1674.127315,26.66256584,40.91610093,0.09515372309,0.7596579858,8.76E+15,0.3904559852,0.4795187448,-0.07634684133
22,Dewey County,4858,8313.290325,118.7612904,7.61868688,10.89776538,0.167657929,0.3840318958,6.94E+17,0.9643907443,0.2921939458,0.2127038622,4753.942039,67.9134577,4.401666707,8.240962183,0.1267840336,0.6477596053,1.42E+17,0.5571730009,0.02071727092,-0.159025376
23,Ellis County,4112,9089.470993,129.8495856,4.889905364,11.39515623,0.1095688099,0.356009792,3.47E+17,0.9588049734,0.2985010932,0.2800050512,9123.326294,130.3332328,4.380911259,11.41635812,0.1097726742,0.3536111395,1.95E+17,0.8590022076,0.1730781071,0.1004900785
24,Garfield County,61816,339030.455,4843.292214,47.29870389,69.59376563,0.1191674069,0.7357976366,337.6105778,0.4225793583,0.4995198758,0.1141525749,366885.2888,5241.218411,45.87789575,72.39625965,0.123966198,0.714090699,742156473010304,0.4098854757,0.4640925526,-0.2427681125
25,Garvin County,28231,154619.9349,2208.856212,32.8240717,46.99847032,0.1378254262,0.6030561892,2.68E+17,0.6312321481,0.4281964913,0.1915344371,107584.0641,1536.915202,20.34612138,39.20351007,0.1149663052,0.7238077455,1.13E+16,0.391271565,0.2375905423,-0.2523416734
26,Grady County,57079,177479.8344,2535.426205,34.50320586,50.35301585,0.1187571129,0.7746619294,88.14433739,0.4024703234,0.5755679217,0.04945268664,161459.7024,2306.567176,31.65223619,48.02673398,0.113270599,0.7950019622,68233268910025,0.3692145531,0.4942172284,-0.0830378605
27,Grant County,4815,5473.22099,78.18887128,6.444444793,8.842447132,0.1551306514,0.4557946429,7.16E+17,0.8216960574,0.3096272633,0.1594848996,1964.279951,28.06114216,2.667282631,5.297276862,0.0929346818,0.8046905699,1.02E+17,0.3400906815,0.3716451838,-0.1587682949
28,Greer County,6019,10433.74902,149.0535575,8.519234088,12.20874922,0.2654075917,-0.2371391745,5.64E+17,1.021141072,0.2497303732,-0.3728448241,4162.945646,59.47065209,4.258803707,7.711721733,0.1676461246,0.5063957233,5.57E+16,0.5104730471,0.3685547887,-0.01345798529
29,Harmon County,2853,3160.118053,45.14454361,3.850169528,6.718968939,0.1562550916,0.3301205445,2.36E+17,0.8241953117,0.4049159737,0.07919767599,2850.45667,40.72080957,3.441203977,6.381285887,0.1484019974,0.3957623322,8.28E+16,0.7366491693,0.2824404213,-0.1652686174
30,Harper County,3600,7311.675812,104.4525116,5.977330619,10.22020115,0.1481188573,0.3099551488,6.31E+17,0.9915003397,0.3095714238,0.2240643675,5569.552374,79.56503392,3.824502968,8.919923426,0.1292742525,0.4743693459,1.56E+17,0.6343962269,0.2942847264,-0.1859068788
31,Haskell County,12976,15124.38061,216.0625802,11.1417169,14.69906732,0.1770971967,0.5943063598,5.24E+17,0.6155644698,0.4376614977,0.1400091715,13963.46608,199.4780869,8.687568161,14.12367115,0.1701647127,0.6254465205,1.51E+17,0.4799761415,0.3889263101,-0.01671970193
32,Hughes County,13844,8865.069638,126.643852,7.005790931,11.25361506,0.1563002092,0.6833711462,1.41E+17,0.3913849682,0.6061623615,-0.01464000843,13642.94399,194.8991998,8.426781172,13.96063035,0.1938976438,0.5127224158,6.70E+16,0.4707698979,0.442715084,0.0636534658
33,Jackson County,25636,80615.37395,1151.648199,20.66955113,33.93594259,0.1549586419,0.5996830582,2.02E+17,0.4618156971,0.5200037823,0.0134185891,114926.1699,1641.802427,23.28817068,40.51916123,0.1850190011,0.4293037344,2.47E+16,0.5203229963,0.1799350135,-0.2165429523
34,Jefferson County,6312,11889.0347,169.8433528,9.455495054,13.03239628,0.1649670415,0.4190998361,7.02E+17,0.9322319067,0.3250999624,0.2210129008,5216.622195,74.52317422,4.607191053,8.632680593,0.1092744379,0.7451149933,1.61E+17,0.4542301039,0.3844908533,-0.1459314177
35,Johnston County,11623,24483.00911,349.757273,12.96830372,18.70179866,0.1326368699,0.5520017363,7.24E+17,0.6554377333,0.4011737694,0.1867609046,13647.65735,194.9665335,7.035639439,13.9630417,0.09902866454,0.7502706156,1.48E+17,0.355591885,0.1717533875,-0.192186996
36,Kay County,44927,384742.0213,5496.31459,55.56699516,74.13713368,0.1688772977,0.5794356272,8.10E+16,0.7270447965,0.3888066766,0.2111887446,192984.5085,2756.921551,30.10937099,52.50639533,0.1196045452,0.7890471945,2.42E+15,0.3939543867,0.5118002479,-0.1943311381
37,Kingfisher County,15940,45205.57918,645.7939882,17.89727673,25.41247702,0.1598268995,0.5530244683,7.55E+17,0.6090468502,0.422193327,0.07668365076,23279.99308,332.5713298,10.85833695,18.23653832,0.1146952095,0.7698163042,1.85E+17,0.3695107372,0.2960607796,-0.2543468459
38,Kiowa County,9203,7529.425698,107.5632243,7.528738523,10.37126917,0.1503082489,0.6215578424,6.93E+17,0.6419143685,0.4101156123,0.2087702823,3799.507781,54.27868258,4.628312861,7.367406775,0.1067740112,0.8090300668,2.18E+17,0.3946186361,0.2146780387,0.07398891856
39,Latimer County,11092,9421.904605,134.5986372,8.428009683,11.60166528,0.1681400765,0.5240926668,5.12E+17,0.6990055424,0.40027874,0.1521860979,8361.824953,119.4546422,6.618294772,10.92953074,0.1583989962,0.5776380699,1.70E+17,0.5489107038,0.3980148808,0.261289758
40,Le Flore County,52433,144080.2477,2058.289253,29.76631805,45.36837283,0.1072538365,0.7718186122,1.03E+17,0.3668384266,0.5766204865,0.02501393999,145148.3746,2073.548208,30.932982,45.53622962,0.107650661,0.7701270086,1.33E+16,0.3812163275,0.4768112188,-0.1157843459
41,Lincoln County,36511,66350.06081,947.8580116,23.43329336,30.78730277,0.1425338091,0.7176302891,2.98E+17,0.4999483497,0.4913163537,0.1529483837,37582.17571,536.8882245,15.31799231,23.17084859,0.1072724472,0.8400594067,2.14E+16,0.3268087356,0.4412580301,0.07287675217
42,Logan County,47692,133493.0244,1907.043205,25.47422703,43.66970581,0.1131339529,0.7272216113,1.08E+17,0.4128723991,0.5922614642,0.1148266526,92226.33234,1317.519033,20.65307213,36.29764501,0.09403534977,0.8115455811,1.43E+16,0.334733746,0.5365135937,0.06577087185
43,Love County,10557,50211.35698,717.3050996,16.33193389,26.78255215,0.1705895041,0.3531656542,3.20E+17,0.745750406,0.4053756424,-0.04512997329,32552.90035,465.0414335,10.78127186,21.56481935,0.1373555372,0.5806459879,2.55E+16,0.4922955187,0.3848112355,-0.3371808772
44,Major County,7812,18455.70204,263.6528863,10.92975213,16.23739161,0.1230105425,0.5011671966,6.07E+17,0.8002956579,0.320099685,0.2466615272,14219.24159,203.1320227,6.422723218,14.25243919,0.1079730241,0.6156730245,1.24E+17,0.4702830808,0.3387855993,-0.2165362029
45,Marshall County,17316,48950.1027,699.2871815,17.52889773,26.44403868,0.1494013484,0.6201506325,3.39E+17,0.5956421559,0.4792326736,0.1584906796,36552.93123,522.1847318,12.98816577,22.85136171,0.1291037385,0.7163518146,6.81E+16,0.4413454386,0.41368622,-0.1903793247
46,Mayes County,43357,139559.2275,1993.703251,32.07134431,44.65090425,0.1498352492,0.662042824,6.31E+16,0.5217276555,0.5440744168,0.1317638595,72410.7142,1034.438774,21.97197788,32.16269227,0.1079284976,0.8246499288,4.50E+15,0.3574339883,0.4983141897,-0.02985205006
47,McClain County,42393,109235.4026,1560.505752,28.41373924,39.50323723,0.1266129399,0.8178563812,86.03644496,0.371144196,0.5993811738,0.07196655548,102744.4082,1467.777259,25.95971216,38.31158127,0.1227935297,0.8286797333,57368273677451,0.3390893546,0.4812102304,-0.2366868199
48,McCurtain County,33184,103453.1506,1477.902151,25.18766855,38.44349296,0.160851435,0.5383294109,5.42E+16,0.4401240136,0.5661642233,-0.1009156408,136314.645,1947.352072,29.89524251,44.12881226,0.1846393819,0.3916815281,3.20E+15,0.5223831692,0.4188950671,-0.2049711223
49,McIntosh County,20233,26703.95882,381.485126,13.55682208,19.53164422,0.1337783851,0.7203362294,1.08E+17,0.4679376456,0.5266806925,0.09374369332,16234.15565,231.9165093,10.15434267,15.22880525,0.1043068853,0.8299838158,2.06E+16,0.3504950626,0.4739171448,-0.03988245884
50,Murray County,14463,42582.33508,608.3190726,16.72510431,24.66412521,0.1233206261,0.6778684486,1.81E+17,0.5736194522,0.4525507806,0.1860952666,39758.59315,567.9799022,12.45687545,23.83232893,0.1191616446,0.6992298034,2.87E+16,0.4272323772,0.4386964987,-0.3173698706
51,Muskogee County,70573,993676.8373,14195.38339,90.75614567,119.1443804,0.1915504509,0.5832868421,2.25E+17,0.6734079072,0.4137954162,0.144093202,771899.0747,11027.12964,60.37964991,105.0101406,0.1688265927,0.6762926447,7.80E+15,0.4480152103,0.4355722293,-0.2803620329
52,Noble County,11630,59225.15944,846.0737063,18.92179105,29.08734615,0.1589472467,0.26098683,1.11E+18,0.9577189973,0.3016394872,0.03565877857,26027.43364,371.8204806,8.74157266,19.28264714,0.1053696565,0.6752289665,2.66E+17,0.4424512554,0.3727287526,-0.1915342329
53,Nowata County,10443,15100.45869,215.7208384,10.32181036,14.68743812,0.1439944913,0.5754754738,3.60E+17,0.6175442096,0.4656263745,0.1682759258,7396.831935,105.6690276,6.092864731,10.27954414,0.1007798445,0.7920502524,9.96E+16,0.3645303685,0.4493304561,-0.140779543
54,Okfuskee County,12466,74883.12478,1069.758925,17.75150207,32.70716933,0.1172299976,0.5055450079,2.45E+17,0.688423903,0.4060892374,0.2042083613,90373.40575,1291.048654,13.45857274,35.93116549,0.1287855394,0.403262327,8.11E+16,0.521939109,0.4047232172,-0.3347781261
55,Oklahoma County,800209,24880915.39,355441.6485,416.8172266,596.1892724,0.1155629526,0.8194309972,55.46284858,0.3322273876,0.5400317978,-0.1009061505,25503276.96,364332.528,431.3101334,603.5996422,0.1169993491,0.8149143141,59.40324642,0.3437790708,0.4841745802,-0.1201045021
56,Okmulgee County,38856,79648.07977,1137.829711,23.75964542,33.73173152,0.1317645762,0.6979365252,1.46E+17,0.4255821851,0.5623538825,0.03258959683,84339.24576,1204.846368,25.50866578,34.71089696,0.1355894413,0.6801453882,1.30E+16,0.4569105948,0.4179634858,-0.04193543029
57,Osage County,48489,188217.0293,2688.814704,38.5096006,51.85378196,0.1571326726,0.5846211608,187.5850604,0.5601978475,0.5229762049,0.1176299449,132594.1332,1894.201903,28.39255076,43.52242988,0.1318861512,0.7073761213,1.88E+15,0.4130254682,0.4666800804,-0.02863437567
58,Ottawa County,31406,119618.2927,1708.832753,29.40940576,41.33803035,0.1460707786,0.57573631,5.29E+17,0.4865654463,0.5442925753,0.04430665942,102684.9648,1466.928069,26.62481084,38.30049698,0.1353374452,0.6357956539,1.57E+16,0.4404955705,0.4173693195,-0.2873518693
59,Pawnee County,17291,51855.42564,740.7917948,20.1004287,27.2174906,0.1958092849,0.4517285706,4.69E+17,0.781249311,0.3953996098,0.1769583934,23054.20797,329.3458281,10.94196022,18.1478877,0.1305603432,0.7562460745,8.36E+16,0.4252844059,0.4431903895,-0.07503255567
60,Payne County,83287,550244.5867,7860.636952,54.76019971,88.66023321,0.1141058342,0.6630344831,2.98E+17,0.4393872053,0.5018839981,0.005811669317,580043.1381,8286.330544,56.65940007,91.02928399,0.1171548057,0.6447860814,5.74E+16,0.4546260895,0.4495046488,-0.08127584413
61,Pittsburg County,45328,169242.8282,2417.754689,35.03917146,49.17066899,0.1433547201,0.6677053164,1.36E+17,0.5236426137,0.4935607674,0.09494086551,121709.745,1738.710643,25.15087655,41.69784938,0.121568074,0.7610327029,1.75E+16,0.3758670705,0.4620145604,-0.06988215747
62,Pontotoc County,39002,279839.7125,3997.710179,47.76650745,63.22744799,0.1542132878,0.6425660097,3.42E+17,0.6453687553,0.3953709001,0.1685537923,181950.157,2599.287958,25.81423139,50.98321251,0.1243492988,0.7675984939,7.97E+15,0.3487736339,0.5078565128,-0.2751552236
63,Pottawatomie County,73598,234258.7203,3346.553147,38.34767567,57.84940058,0.1150087487,0.8378431923,6.88E+16,0.3184267256,0.6066985528,0.07381525367,181779.5865,2596.851236,32.67902196,50.95930961,0.1013107547,0.8741699032,6.88E+15,0.2713560542,0.5382341815,-0.157947412
64,Pushmataha County,12139,16147.67341,230.6810488,8.575386828,15.1881878,0.1159403649,0.51620999,2.96E+17,0.5902429478,0.454550926,0.09544314738,15540.90191,222.0128844,8.174566216,14.90009679,0.1137411969,0.5343890789,1.06E+17,0.5626545085,0.3502651574,0.146136583
65,Roger Mills County,3797,3498.458486,49.97797837,3.684224978,7.069510476,0.1140243625,0.5225344238,2.26E+17,0.6612711499,0.3936267785,0.1121938995,3336.897656,47.66996652,3.375662972,6.904344032,0.1113603876,0.5445840594,1.73E+17,0.6058882257,0.2682494175,-0.06818212738
66,Rogers County,96326,1035189.861,14788.42659,88.86427663,121.6076749,0.1425646833,0.5872656567,197.9197413,0.5804328976,0.5106490431,0.1363925139,446184.5373,6374.064819,52.36322418,79.83774057,0.09359641333,0.8221044381,6.83E+15,0.3420197529,0.4881977073,-0.1328571052
67,Seminole County,25066,63006.47161,900.0924515,21.75638158,30.00154082,0.1382559485,0.671563907,2.40E+17,0.5271535861,0.4916215233,0.1298413877,46421.62518,663.166074,16.36490604,25.75201107,0.1186728621,0.7580163304,3.53E+16,0.396519011,0.4636305488,-0.1639731586
68,Sequoyah County,43820,143299.9698,2047.142426,26.53052515,45.24535806,0.1117169335,0.615904877,5.21E+16,0.4408110041,0.5528770797,0.05243340471,159932.5506,2284.750722,29.52731366,47.79906612,0.1180223855,0.5713236175,5.00E+15,0.4906033601,0.4980896232,-0.002434258778
69,Stephens County,44423,217473.7374,3106.767677,41.92726528,55.73838603,0.1548288501,0.7007254933,5.06E+16,0.5960415454,0.4661979065,0.1973631615,85176.50981,1216.807283,21.09253428,34.88276484,0.09689656901,0.8827851203,2.10E+15,0.2998532493,0.5244572936,-0.1331586079
70,Texas County,21122,217751.6875,3110.738392,28.99764469,55.77399387,0.1781916737,0.1926042261,2.88E+16,0.5727525758,0.5107042602,-0.173006399,251501.3068,3592.875812,32.47316148,59.94060236,0.1915035219,0.06746489722,8.42E+15,0.6413999163,0.3916678663,-0.4360668287
71,Tillman County,7769,7980.414387,114.0059198,8.192155535,10.67735547,0.1906670619,0.5574167608,4.53E+17,0.7105958952,0.3933720629,0.1815856036,3018.6868,43.12409714,4.307480713,6.566894025,0.1172659647,0.832587618,5.84E+16,0.3736352539,0.399659477,-0.07738987925
72,Tulsa County,648914,19592042.29,279886.3185,375.2267227,529.0428324,0.1168122836,0.7911046076,67.99733359,0.3440147554,0.5345640055,-0.1019034778,19389581.9,276994.0271,379.3637244,526.3022203,0.1162071584,0.7932632924,68.56431212,0.3478076345,0.473899217,-0.1794870363
73,Wagoner County,84652,821027.5741,11728.96534,73.36226516,108.3003478,0.1506263531,0.505912005,156.8685122,0.6194642414,0.5179694766,0.1224214836,481296.1488,6875.659269,56.13471635,82.91959521,0.1153262798,0.7103597289,3.56E+15,0.4739963986,0.4408590825,-0.01485485932
74,Washington County,51474,115593.6936,1651.33848,29.07173189,40.63666424,0.1213034753,0.7537034375,72.03523806,0.3833153574,0.5968182611,0.001702593007,98632.57796,1409.036828,27.89553241,37.53713932,0.1120511621,0.7898426451,553642231210145,0.3678069823,0.5034528114,-0.0667262607
75,Washita County,11472,16893.88601,241.3412287,10.70099849,15.53516105,0.1601562994,0.6280294813,3.01E+17,0.6878511426,0.3711571153,0.2261247443,8561.615284,122.3087898,6.521032567,11.05933044,0.1140137159,0.8114898801,1.12E+17,0.4191664644,0.1997528949,0.008922489331
76,Woods County,8895,57965.15455,828.0736364,18.27400413,28.77626863,0.2040870116,0.2736300199,9.76E+17,1.048508434,0.2636888053,0.02816699758,39069.99281,558.1427545,11.03068764,23.62504507,0.1675535111,0.5104081043,1.88E+17,0.6329083071,0.3080442478,-0.3021872839
77,Woodward County,20503,475177.9787,6788.256838,33.21677656,82.39087837,0.11411479,0.2966905497,3.52E+17,0.7327999872,0.3822455245,0.0860758582,565508.1656,8078.68808,25.93952512,89.88152246,0.1244896433,0.1629931206,3.56E+16,0.572255518,0.447743721,-0.3822438878