index_col,o_name,o_pop,sir_PAE_early,sir_PAE_PrePeak,sir_PAE_Peak,sir_PAE_PostPeak,sir_PAE_Decline,sir_PAE_Late,sirnetw_PAE_early,sirnetw_PAE_PrePeak,sirnetw_PAE_Peak,sirnetw_PAE_PostPeak,sirnetw_PAE_Decline,sirnetw_PAE_Late
1,Adair County,22606,0.6313259377,0.3377393799,0.6443566665,0.8028706147,2.786891258,0.9760345951,0.4499670989,0.4495875403,0.2740822738,0.7881529264,0.3362707449,0.7441696257
2,Alfalfa County,5797,1,0.4954717605,0.846985262,1.203817722,-10.16600282,8.554478655,7.404540876,0.4846877611,0.7309041347,1.797727734,-4.484387153,2.550190775
3,Atoka County,15002,0.2868164933,0.1431874151,0.4515684615,0.842367334,9.562995671,1.992153922,2.455718592,0.4963203441,0.2538754104,0.5703137938,2.024719828,0.7551169552
4,Beaver County,5569,0.9993779955,0.9999960848,0.5021081316,0.6737968562,11.89395056,Inf,4.831080073,0.165014832,0.3316199906,0.571920838,2.511472284,Inf
5,Beckham County,22305,0.5993307714,0.5761666406,0.2949709249,1.543270435,6.138705823,10.14401667,1.949532092,0.7524941774,0.1559241469,1.120234536,1.230440759,1.989956978
6,Blaine County,10377,0.9813258718,0.3583229702,0.5077170985,2.237419442,5.239158368,1.894454476,2.595464472,0.3746915006,0.1016545496,1.790565559,0.7072026872,0.8039825887
7,Bryan County,47088,0.2804673204,0.2018648788,0.222448422,1.7050236,3.279601806,1.016990887,0.8157227883,0.6038457628,0.1562561582,0.4613893607,0.6001654683,0.9484384498
8,Caddo County,30017,0.9973294956,0.5217675654,0.2179992594,2.155074427,5.306369967,1.789600728,0.4474356123,0.5837639479,0.06619842082,0.8992391445,0.8961501294,0.5973162087
9,Canadian County,146251,0.6252351734,0.2545746747,0.1632712328,1.403678842,0.2186202281,1.007147622,1.507216559,0.5697972422,0.1197671958,0.5308691841,0.5907044708,0.5114468756
10,Carter County,48999,0.6625136261,0.9006687283,0.5329961082,2.011339917,3.056459081,0.5510375948,2.364479292,0.325721528,0.3717297265,0.6962010749,0.2884537052,0.8881643353
11,Cherokee County,49406,0.4795289377,0.1916119058,0.3931706064,3.223599279,3.666744544,0.6122177748,0.5687755798,0.2138958626,0.2360751632,1.229140219,0.5224899477,0.7273239608
12,Choctaw County,15269,0.8117319,0.4238999542,0.5385761122,2.018752002,6.233572931,2.066377609,1.230106766,0.5350820399,0.29407557,1.250666938,1.276992353,0.8736071218
13,Cimarron County,2390,1.000159407,0.5894878853,0.8656967944,0.9698844771,Inf,1.531534402,1.384186014,0.2163869303,1.37131068,0.8954355523,Inf,1.178464615
14,Cleveland County,291203,0.3322118413,0.1806493115,0.3740491179,2.381088021,1.547335852,2.734693777,1.087960811,0.371812944,0.2215227988,1.04168165,0.3528592947,0.4209436879
15,Coal County,6203,0.6196204659,0.8371528103,0.5458518548,5.785807643,3.962795775,2.805546393,1.475383212,0.7800417011,0.2981440958,4.06194971,0.5129911044,1.546515081
16,Comanche County,124106,0.2589652632,0.5450182245,0.2265566693,0.7109902124,2.067982866,0.4973550075,2.435373522,0.2610098203,0.3439293554,0.1506408914,0.4707099475,0.8931520697
17,Cotton County,6376,0.9995488431,0.7254023419,0.9025852755,0.7978217125,0.7664472353,1.913735697,4.545991052,0.4681968774,0.2543549247,0.8477654323,0.7600681512,1.509402231
18,Craig County,14836,0.4248712161,1.278096848,0.4930439712,3.073939792,1.009319016,0.6523305669,2.225292541,0.4066590456,0.2507678391,2.082650838,0.4252988002,0.9006011473
19,Creek County,74667,0.638958613,0.4013232195,0.6654818019,0.6155511736,1.408951184,1.109037163,1.310934761,0.1562069654,0.4461581822,0.8397095649,0.3453466663,0.6973754558
20,Custer County,29426,0.4060184701,0.2699724863,0.3243988673,2.409027902,8.926146938,4.951526486,1.06178883,0.6228259542,0.2485366838,1.289103579,1.935950886,0.8107961669
21,Delaware County,45961,0.2613669657,0.6100064743,0.5339827899,1.647792911,1.236066094,0.4838845096,1.857430304,0.5390512039,0.2220006603,1.077124343,0.4334483215,0.8364617195
22,Dewey County,4858,1.268499854,0.7062089598,0.691888975,1.282642977,3.360112818,10.44852113,3.949357367,0.7019814594,0.3599269789,1.746793123,1.21124516,2.113205526
23,Ellis County,4112,1.368925697,0.6170618872,0.3252729357,3.892123654,1.921424549,Inf,7.860158153,0.7437873861,0.5106714879,4.615464085,1.239353285,Inf
24,Garfield County,61816,0.6702572208,0.12254386,0.2229163781,1.598467534,4.309930632,4.272134,0.31218259,0.5937209729,0.157734702,0.9535873388,0.5580917181,0.7092592319
25,Garvin County,28231,0.3662517272,0.8173001497,0.5063514328,2.058309984,6.833746795,2.629251093,2.338379507,0.5775977794,0.2746782859,1.523269099,1.076610326,0.6660824178
26,Grady County,57079,1.38884147,0.3750581915,0.1816588361,2.825800346,2.07665372,1.59592898,2.86329288,0.4663291577,0.2778180716,1.499154847,0.3708653419,0.4319847614
27,Grant County,4815,0.9997064694,0.7425745032,0.7426022862,0.8368329708,7.994985016,Inf,2.598749489,0.5869277827,0.3640056487,1.025343882,2.221044896,Inf
28,Greer County,6019,0.7909786643,0.9852521788,0.9164486456,0.8939061705,1.134063018,-3.129758588,3.366164698,0.5185795666,0.5412914577,0.378594525,1.62858799,-3.657949844
29,Harmon County,2853,1,0.9497702819,0.7656844795,1.520964486,3.194694144,Inf,0.8107211247,0.5088735454,0.7211279237,1.157376883,1.168717217,Inf
30,Harper County,3600,1,0.7818193293,0.5344846406,2.670534944,Inf,2.282821538,1.918865942,0.6391389987,0.4809513284,3.919483819,Inf,1.347626799
31,Haskell County,12976,0.8455523956,0.1550593164,0.5176090398,1.705658227,5.924433238,1.191721099,0.5634660894,0.3863188576,0.2167334569,1.727233147,1.225155,0.8197795482
32,Hughes County,13844,0.6100111695,0.8787851128,0.3131006119,2.28820225,1.582708887,0.481550298,0.4040824021,0.5532852173,0.5320926813,1.539515506,0.5791972449,0.6605401962
33,Jackson County,25636,0.7474727629,0.7603445516,0.2846780442,0.8084335987,1.834585504,7.98472463,0.8072692188,0.6288277011,0.4892658331,0.803311632,0.8250094212,1.856907202
34,Jefferson County,6312,0.8821301161,0.9416920799,0.7331094121,4.519813844,1.739665328,1.940627864,4.274800596,0.2972497502,0.3050071413,4.623089548,0.7839515244,0.7946381274
35,Johnston County,11623,0.4447274955,0.4609652489,0.6643028589,1.318773486,12.25909522,3.312065842,2.329136969,0.5287310625,0.2141094783,1.248429825,2.511766303,1.353742647
36,Kay County,44927,0.2650107533,0.2445447168,0.6176909348,3.198196684,5.366760396,5.316201302,3.050438853,0.2435157522,0.2549777535,2.225398526,0.4020640267,0.2799103869
37,Kingfisher County,15940,0.6421295623,0.5559173428,0.6250536421,0.9099821792,3.720439754,36.57582055,0.3685687197,0.621980521,0.1653921787,1.189928637,0.6953692261,5.838307591
38,Kiowa County,9203,0.6092823727,0.6738795012,0.2994573367,2.167227765,3.53738888,6.276202746,3.875938479,0.5256145921,0.3559319894,1.641178111,1.173473426,1.338569399
39,Latimer County,11092,0.6811293309,0.7524086804,0.6983209274,1.586386397,16.16802721,3.518485911,0.8771205307,0.4896095292,0.07998160618,1.239544479,3.65319899,0.695320991
40,Le Flore County,52433,0.6614326598,0.1394609691,0.5498259158,1.680988068,2.463852137,0.3803176722,0.4113235911,0.5181737632,0.1522439003,0.6787186273,0.4805377674,0.7136138666
41,Lincoln County,36511,0.7346228087,0.5721749475,0.3995692733,1.845037155,3.37011518,1.660343597,1.323992263,0.4512972809,0.3277594577,1.222560828,0.4520581554,0.61218162
42,Logan County,47692,0.2194825547,0.3194187201,0.2746148767,2.115179563,0.9502612963,1.928725225,3.314320244,0.3543489793,0.3298098582,0.8941959768,0.3880814849,0.4815893552
43,Love County,10557,0.6413253254,0.4409466556,0.6883341747,1.314974372,1.651023026,0.9345390214,3.428604664,0.471131629,0.3082274262,1.893041299,0.703261287,1.008449624
44,Major County,7812,0.529697076,0.6055125523,0.3946588321,3.620646621,8.046830231,-18.50275978,2.372804883,0.5877013967,0.3033127661,3.447832,2.131428726,-5.085796147
45,Marshall County,17316,0.6118937749,0.7664287317,0.3452947426,2.696226323,18.82148731,2.889777769,1.840105275,0.3247717029,0.3320706683,1.318965952,3.196735109,0.9431310192
46,Mayes County,43357,0.3335256222,0.3005576597,0.4861278856,2.347968358,1.952128707,0.8906208196,1.974761834,0.3668786087,0.1994334365,1.41249096,0.4822870108,0.724717899
47,McClain County,42393,0.4984617846,0.1894323714,0.2035889905,3.127339674,1.798788408,0.9469968482,1.340842842,0.5426046826,0.07837167185,1.493427061,0.1857339302,0.6492422549
48,McCurtain County,33184,0.3703221622,0.9753311833,0.3346148096,1.263593431,1.200418857,0.2864823498,0.6191041187,0.4946673822,0.1647282262,0.9268401904,0.6589536996,0.6040002101
49,McIntosh County,20233,0.2988169159,0.791348223,0.3804582418,2.83597724,3.060111877,1.971853432,1.218295287,0.4554556023,0.08990513074,1.271256467,0.6075457104,0.7641925386
50,Murray County,14463,0.8064075769,0.5995925358,0.571043111,2.464543925,4.354052204,1.504911633,2.237032861,0.5690890713,0.3377812928,1.294103255,0.6606366001,0.6755753268
51,Muskogee County,70573,0.4357274064,0.325972786,0.5820414696,2.235504314,4.414075639,1.085317768,1.380491584,0.3423037218,0.2037773654,1.842872063,0.7151366117,0.6546039796
52,Noble County,11630,0.2537812178,0.6720129603,0.7961319403,0.6149767946,5.936662949,6.844849497,2.83913664,0.8764009134,0.285825918,1.113484237,1.760892185,2.226273799
53,Nowata County,10443,0.5965868606,0.5870031274,0.6083474647,0.923594087,6.072582724,0.8019536811,3.68644458,0.5902653997,0.2029970037,0.6070146321,0.811599346,0.9118578144
54,Okfuskee County,12466,0.7645024064,0.9256205623,0.3938181962,2.239820516,2.370557856,0.7126763379,1.465422546,0.8377713027,0.1434706184,1.934488372,1.200860863,0.5975546039
55,Oklahoma County,800209,1.882352537,0.905726768,0.2928617118,1.019710285,0.2871832677,0.2319393398,0.6803507626,0.3361126666,0.2744774038,0.9336596953,0.4128582123,0.4168850525
56,Okmulgee County,38856,0.3127450525,0.7210091996,0.4246970755,3.556870152,0.7586787404,0.3863223968,0.7231829861,0.5239883047,0.2006199937,2.034144983,0.5556222354,0.8437773072
57,Osage County,48489,0.5124796376,0.4921364974,0.5743598678,1.605421574,1.004301172,1.973165523,1.039047968,0.511430191,0.242047792,1.42771972,0.5054110337,0.6854811482
58,Ottawa County,31406,0.2300845315,0.2933367851,0.5863460842,1.027340489,1.093661415,0.7841410746,0.7757185094,0.5844720145,0.1736140503,0.9266859174,0.4346950652,0.9563873983
59,Pawnee County,17291,0.4281591487,0.5091942803,0.6977922543,1.546410372,4.179192629,3.539272756,1.243878147,0.3006349204,0.1004000841,1.513724472,0.2644375777,0.5191656365
60,Payne County,83287,0.3979632823,1.283179799,0.4295652439,2.734535074,2.548066909,3.600685819,1.993823714,0.2843120734,0.3353337398,1.617544276,0.8254173781,0.9168796813
61,Pittsburg County,45328,0.8589762261,0.3923293143,0.5779468654,2.295307194,3.135930729,2.450193022,0.460121186,0.3863635138,0.08169667588,0.9782652039,0.3894735729,0.7208704254
62,Pontotoc County,39002,0.4300726931,0.5387272368,0.5508440309,1.215945893,1.925056762,2.790422074,3.017047478,0.515370169,0.1996193115,0.7748633852,0.4982291161,0.4857726086
63,Pottawatomie County,73598,0.3888337251,0.3920719545,0.2510064911,1.767650906,2.325470277,2.323119384,1.082826067,0.5688572807,0.07203963385,0.6314996976,0.3148802669,0.5516922258
64,Pushmataha County,12139,0.7593110328,0.9109573914,0.6291412425,3.025371681,Inf,3.201530638,1.27803219,0.4643371017,0.3728278917,1.773719495,Inf,1.566714002
65,Roger Mills County,3797,1,0.6427226738,0.368207689,7.886087933,-11.10066525,Inf,3.662235001,0.596972306,0.3636086347,5.078434705,-6.392279253,Inf
66,Rogers County,96326,0.4368623158,0.3944003092,0.5965185693,1.868350457,1.880428961,0.7695432664,0.8653633463,0.2307783629,0.1910674183,1.507853868,0.334479534,0.7661050208
67,Seminole County,25066,0.5879847753,0.750057325,0.4175463105,2.994226985,5.052794525,5.118186227,0.6689218504,0.6266071437,0.1889906126,1.875483306,0.6202615922,0.7151451614
68,Sequoyah County,43820,0.7413751215,0.2728031511,0.5383324685,1.643163556,2.336199434,0.4752477848,0.4082516213,0.3870824468,0.4512905131,0.6518339133,0.1034863448,0.753395273
69,Stephens County,44423,0.5460002518,0.3593294384,0.4930951955,2.636780994,2.24416343,1.799664277,4.071470817,0.4149877471,0.2026085645,1.309632098,0.3988128434,0.6454101938
70,Texas County,21122,0.9534164406,0.9999616266,0.9997805902,1.904891357,0.9801815929,1.516753961,1.023307862,0.6011737781,0.3962958995,1.510327035,0.3841830465,0.6953808329
71,Tillman County,7769,0.9965027389,0.475710146,0.5294288373,1.593139986,35.38464477,4.486834811,2.064493515,0.3065499882,0.2312000845,1.390139911,8.514386622,1.044741408
72,Tulsa County,648914,0.2142851264,0.8677020682,0.1077139289,1.620771838,0.1651174134,0.5095684546,0.6311829506,0.3676847468,0.2125512835,0.7468234059,0.4429822472,0.7741654833
73,Wagoner County,84652,0.3433449583,0.5340640274,0.6431202131,2.138558694,2.430647316,0.9183193533,1.127743194,0.1565767839,0.1820720302,1.583165856,0.3568094803,0.7624675472
74,Washington County,51474,0.9996777394,0.617138819,0.3272348767,1.098241024,2.946812228,0.6052999188,2.039954632,0.333920036,0.2677902105,0.3232930263,0.1633100949,0.7500290425
75,Washita County,11472,0.1910264075,0.5407734786,0.4203471772,7.493713028,2.795437315,7.02185677,4.347504724,0.4056387,0.2581260348,4.817823461,0.3010130792,1.053789867
76,Woods County,8895,0.5144020038,0.5752727422,0.7520724728,1.877919864,-23.53717038,0.631256981,7.405621117,0.5429074206,0.4628086938,3.499907547,-11.69835621,0.843118932
77,Woodward County,20503,0.635263171,1.257884427,0.3128289363,1.95151482,0.9943992891,2.859649156,3.234140541,0.5512953893,0.2120988236,1.975395703,0.4746493721,0.8288693949