index_col,o_name,o_pop,netm_fcst_pae_no_NO2_early,netm_fcst_pae_no_NO2_PrePeak,netm_fcst_pae_no_NO2_Peak,netm_fcst_pae_no_NO2_PostPeak,netm_fcst_pae_no_NO2_Decline,sirnetw_PAE_early,sirnetw_PAE_PrePeak,sirnetw_PAE_Peak,sirnetw_PAE_PostPeak,sirnetw_PAE_Decline
1,Adair County,22606,0.4642858008,0.4708698053,0.2741596342,0.816920437,0.3291651164,0.4499670989,0.4495875403,0.2740822738,0.7881529264,0.3362707449
2,Alfalfa County,5797,7.306257197,0.506508501,0.7182506722,1.850526489,-4.38272401,7.404540876,0.4846877611,0.7309041347,1.797727734,-4.484387153
3,Atoka County,15002,2.219084212,0.5123439216,0.2693379766,0.5743789797,1.917787981,2.455718592,0.4963203441,0.2538754104,0.5703137938,2.024719828
4,Beaver County,5569,5.681439703,0.2112424358,0.5106203846,0.5476879092,2.261481159,4.831080073,0.165014832,0.3316199906,0.571920838,2.511472284
5,Beckham County,22305,1.924490243,0.7636745246,0.1205726033,1.140584632,1.17292169,1.949532092,0.7524941774,0.1559241469,1.120234536,1.230440759
6,Blaine County,10377,2.419841251,0.3900260976,0.1440418289,1.839237371,0.6844373911,2.595464472,0.3746915006,0.1016545496,1.790565559,0.7072026872
7,Bryan County,47088,0.6497784722,0.6151397901,0.1921980007,0.4492185612,0.5892011573,0.8157227883,0.6038457628,0.1562561582,0.4613893607,0.6001654683
8,Caddo County,30017,0.3847899286,0.5973802125,0.08213984023,0.9224227676,0.8468322234,0.4474356123,0.5837639479,0.06619842082,0.8992391445,0.8961501294
9,Canadian County,146251,1.17248022,0.5782608477,0.1333595467,0.536271198,0.5990498801,1.507216559,0.5697972422,0.1197671958,0.5308691841,0.5907044708
10,Carter County,48999,2.036170808,0.3381436835,0.3915561605,0.6947375084,0.2980446905,2.364479292,0.325721528,0.3717297265,0.6962010749,0.2884537052
11,Cherokee County,49406,0.5228492064,0.2373865232,0.2360909629,1.269430205,0.5061209554,0.5687755798,0.2138958626,0.2360751632,1.229140219,0.5224899477
12,Choctaw County,15269,1.100518685,0.545519324,0.3069211198,1.241487011,1.250345299,1.230106766,0.5350820399,0.29407557,1.250666938,1.276992353
13,Cimarron County,2390,1.652494196,0.2406347396,1.829362036,0.8823891252,NaN,1.384186014,0.2163869303,1.37131068,0.8954355523,NaN
14,Cleveland County,291203,0.8185165493,0.3823859974,0.1746853226,1.046497996,0.3667169206,1.087960811,0.371812944,0.2215227988,1.04168165,0.3528592947
15,Coal County,6203,1.275571518,0.7735418884,0.3408754504,4.084299823,0.4834651417,1.475383212,0.7800417011,0.2981440958,4.06194971,0.5129911044
16,Comanche County,124106,2.255093694,0.277970937,0.3882333071,0.1547340137,0.4937564156,2.435373522,0.2610098203,0.3439293554,0.1506408914,0.4707099475
17,Cotton County,6376,4.268544379,0.4731028323,0.2432258166,0.8535965512,0.7565673171,4.545991052,0.4681968774,0.2543549247,0.8477654323,0.7600681512
18,Craig County,14836,2.145813929,0.4241529805,0.2687698119,2.134880831,0.4228229008,2.225292541,0.4066590456,0.2507678391,2.082650838,0.4252988002
19,Creek County,74667,1.11787777,0.1709914604,0.2572924887,0.8591717271,0.3520742359,1.310934761,0.1562069654,0.4461581822,0.8397095649,0.3453466663
20,Custer County,29426,0.9962993831,0.6381627195,0.218268889,1.339809714,1.866076477,1.06178883,0.6228259542,0.2485366838,1.289103579,1.935950886
21,Delaware County,45961,1.833416688,0.5544410725,0.2332354133,1.117750641,0.4449703779,1.857430304,0.5390512039,0.2220006603,1.077124343,0.4334483215
22,Dewey County,4858,3.9250534,0.6732538828,0.3147091322,1.815861767,1.20468309,3.949357367,0.7019814594,0.3599269789,1.746793123,1.21124516
23,Ellis County,4112,8.154581073,0.6981385689,0.5414209088,4.789515895,1.231028868,7.860158153,0.7437873861,0.5106714879,4.615464085,1.239353285
24,Garfield County,61816,0.2775081039,0.6085117173,0.1591648376,0.9735547439,0.5326609372,0.31218259,0.5937209729,0.157734702,0.9535873388,0.5580917181
25,Garvin County,28231,1.926735331,0.5868004882,0.3014280028,1.527784797,1.064435488,2.338379507,0.5775977794,0.2746782859,1.523269099,1.076610326
26,Grady County,57079,2.375431877,0.4777338341,0.2273030266,1.510298955,0.3732269415,2.86329288,0.4663291577,0.2778180716,1.499154847,0.3708653419
27,Grant County,4815,2.514935035,0.603032495,0.3458131617,1.056344481,2.174119826,2.598749489,0.5869277827,0.3640056487,1.025343882,2.221044896
28,Greer County,6019,3.332195823,0.5319840675,0.58644592,0.3833836355,1.585953047,3.366164698,0.5185795666,0.5412914577,0.378594525,1.62858799
29,Harmon County,2853,0.8073253183,0.5235422311,0.6997985666,1.190025679,1.160582653,0.8107211247,0.5088735454,0.7211279237,1.157376883,1.168717217
30,Harper County,3600,2.073347414,0.654148534,0.5431735232,4.071312416,NaN,1.918865942,0.6391389987,0.4809513284,3.919483819,NaN
31,Haskell County,12976,0.5369113024,0.4080955186,0.2308309337,1.756809988,1.155445003,0.5634660894,0.3863188576,0.2167334569,1.727233147,1.225155
32,Hughes County,13844,0.4128733009,0.562974632,0.4347375341,1.56505898,0.5625441887,0.4040824021,0.5532852173,0.5320926813,1.539515506,0.5791972449
33,Jackson County,25636,0.7869910579,0.6454794317,0.6154075013,0.8114254049,0.7868712271,0.8072692188,0.6288277011,0.4892658331,0.803311632,0.8250094212
34,Jefferson County,6312,3.904986144,0.3123074065,0.3064470655,4.66361284,0.7817289574,4.274800596,0.2972497502,0.3050071413,4.623089548,0.7839515244
35,Johnston County,11623,2.005557775,0.541631375,0.2472426345,1.245086235,2.394366152,2.329136969,0.5287310625,0.2141094783,1.248429825,2.511766303
36,Kay County,44927,3.029030894,0.2509006316,0.2530380648,2.303153124,0.3752940566,3.050438853,0.2435157522,0.2549777535,2.225398526,0.4020640267
37,Kingfisher County,15940,0.3129168921,0.6323367367,0.2059951022,1.209919493,0.6756261761,0.3685687197,0.621980521,0.1653921787,1.189928637,0.6953692261
38,Kiowa County,9203,3.755886417,0.5360135799,0.4234112924,1.673421526,1.161876833,3.875938479,0.5256145921,0.3559319894,1.641178111,1.173473426
39,Latimer County,11092,0.8578553089,0.4937534388,0.1330789959,1.261219338,3.552623592,0.8771205307,0.4896095292,0.07998160618,1.239544479,3.65319899
40,Le Flore County,52433,0.4309777121,0.5396550767,0.1905837842,0.6868611068,0.4635403904,0.4113235911,0.5181737632,0.1522439003,0.6787186273,0.4805377674
41,Lincoln County,36511,1.06399253,0.462982439,0.2297445897,1.241100924,0.4390287701,1.323992263,0.4512972809,0.3277594577,1.222560828,0.4520581554
42,Logan County,47692,2.712705463,0.3658083082,0.2269027295,0.8999969068,0.4013196457,3.314320244,0.3543489793,0.3298098582,0.8941959768,0.3880814849
43,Love County,10557,2.985806249,0.4857658029,0.348142655,1.892204426,0.6985752072,3.428604664,0.471131629,0.3082274262,1.893041299,0.703261287
44,Major County,7812,2.280073699,0.5977901665,0.2775711461,3.522652932,2.040348018,2.372804883,0.5877013967,0.3033127661,3.447832,2.131428726
45,Marshall County,17316,1.636327498,0.3195346687,0.3295437619,1.306236616,3.046635811,1.840105275,0.3247717029,0.3320706683,1.318965952,3.196735109
46,Mayes County,43357,1.832942814,0.3793853841,0.1756464514,1.451276623,0.4827991822,1.974761834,0.3668786087,0.1994334365,1.41249096,0.4822870108
47,McClain County,42393,1.01572458,0.5511044932,0.09508056757,1.499964714,0.1978323776,1.340842842,0.5426046826,0.07837167185,1.493427061,0.1857339302
48,McCurtain County,33184,0.5669064609,0.5138406591,0.2201112032,0.9190990403,0.6298247104,0.6191041187,0.4946673822,0.1647282262,0.9268401904,0.6589536996
49,McIntosh County,20233,1.086581759,0.4652117207,0.09694947921,1.29862387,0.5943706522,1.218295287,0.4554556023,0.08990513074,1.271256467,0.6075457104
50,Murray County,14463,1.874521801,0.5796112739,0.3832399864,1.29831014,0.6541687466,2.237032861,0.5690890713,0.3377812928,1.294103255,0.6606366001
51,Muskogee County,70573,1.283125794,0.3604607829,0.247101345,1.88870838,0.6962286217,1.380491584,0.3423037218,0.2037773654,1.842872063,0.7151366117
52,Noble County,11630,2.634221591,0.8489932389,0.308838515,1.150196969,1.708907611,2.83913664,0.8764009134,0.285825918,1.113484237,1.760892185
53,Nowata County,10443,3.494366031,0.5969641371,0.2187946186,0.6374944412,0.7983481269,3.68644458,0.5902653997,0.2029970037,0.6070146321,0.811599346
54,Okfuskee County,12466,1.262710484,0.8402535307,0.1989709903,1.959423796,1.195847919,1.465422546,0.8377713027,0.1434706184,1.934488372,1.200860863
55,Oklahoma County,800209,0.5014023072,0.3467636853,0.1915027952,0.9364878543,0.4256751689,0.6803507626,0.3361126666,0.2744774038,0.9336596953,0.4128582123
56,Okmulgee County,38856,0.660230965,0.5342323844,0.1530232065,2.077973861,0.5603132846,0.7231829861,0.5239883047,0.2006199937,2.034144983,0.5556222354
57,Osage County,48489,0.9325798701,0.5160279053,0.194243267,1.457918626,0.5109674519,1.039047968,0.511430191,0.242047792,1.42771972,0.5054110337
58,Ottawa County,31406,0.7919615185,0.5992525019,0.2050542131,0.9555848055,0.4486346978,0.7757185094,0.5844720145,0.1736140503,0.9266859174,0.4346950652
59,Pawnee County,17291,1.092940337,0.2960335256,0.1572545431,1.553827031,0.2611927284,1.243878147,0.3006349204,0.1004000841,1.513724472,0.2644375777
60,Payne County,83287,1.788021987,0.3036950263,0.3305696905,1.657342964,0.8062056692,1.993823714,0.2843120734,0.3353337398,1.617544276,0.8254173781
61,Pittsburg County,45328,0.4304867313,0.4000782743,0.1301098451,0.9983955838,0.3858936971,0.460121186,0.3863635138,0.08169667588,0.9782652039,0.3894735729
62,Pontotoc County,39002,2.618059632,0.528024459,0.2512329972,0.785166195,0.509027646,3.017047478,0.515370169,0.1996193115,0.7748633852,0.4982291161
63,Pottawatomie County,73598,0.8223194548,0.577568504,0.1060713024,0.641298925,0.3174330522,1.082826067,0.5688572807,0.07203963385,0.6314996976,0.3148802669
64,Pushmataha County,12139,1.230467574,0.4837154606,0.4060448583,1.772424313,NaN,1.27803219,0.4643371017,0.3728278917,1.773719495,NaN
65,Roger Mills County,3797,3.650153539,0.6117970218,0.3371083548,5.24120239,-6.321365117,3.662235001,0.596972306,0.3636086347,5.078434705,-6.392279253
66,Rogers County,96326,0.7142973323,0.2439995741,0.1813330283,1.532117017,0.3467784138,0.8653633463,0.2307783629,0.1910674183,1.507853868,0.334479534
67,Seminole County,25066,0.5577730551,0.6353702347,0.2194032934,1.898929352,0.6109294943,0.6689218504,0.6266071437,0.1889906126,1.875483306,0.6202615922
68,Sequoyah County,43820,0.4175999104,0.4112042345,0.5018274882,0.650336212,0.0967990666,0.4082516213,0.3870824468,0.4512905131,0.6518339133,0.1034863448
69,Stephens County,44423,3.691685394,0.4182674414,0.208040979,1.320494181,0.3924384369,4.071470817,0.4149877471,0.2026085645,1.309632098,0.3988128434
70,Texas County,21122,1.474547051,0.6348600086,0.2847712536,1.588743268,0.4155208852,1.023307862,0.6011737781,0.3962958995,1.510327035,0.3841830465
71,Tillman County,7769,1.968490723,0.32745292,0.1843219353,1.400580877,8.095360447,2.064493515,0.3065499882,0.2312000845,1.390139911,8.514386622
72,Tulsa County,648914,0.544953984,0.3772401862,0.1410595081,0.7593836244,0.4538620466,0.6311829506,0.3676847468,0.2125512835,0.7468234059,0.4429822472
73,Wagoner County,84652,0.9516539322,0.1564472348,0.1390986853,1.605955627,0.364590068,1.127743194,0.1565767839,0.1820720302,1.583165856,0.3568094803
74,Washington County,51474,1.921515905,0.3447906061,0.2379939519,0.3379503983,0.1542163794,2.039954632,0.333920036,0.2677902105,0.3232930263,0.1633100949
75,Washita County,11472,4.264889221,0.4317123944,0.2586045731,4.955295956,0.293846776,4.347504724,0.4056387,0.2581260348,4.817823461,0.3010130792
76,Woods County,8895,7.470831249,0.5471921733,0.452493723,3.605565947,-11.38297876,7.405621117,0.5429074206,0.4628086938,3.499907547,-11.69835621
77,Woodward County,20503,3.318078627,0.5651719836,0.2115830157,2.06106944,0.4553246106,3.234140541,0.5512953893,0.2120988236,1.975395703,0.4746493721