index_col,o_name,o_pop,sir_nRMSE_early,sir_nRMSE_PrePeak,sir_nRMSE_Peak,sir_nRMSE_PostPeak,sir_nRMSE_Decline,sir_nRMSE_Late,sirnetw_nRMSE_early,sirnetw_nRMSE_PrePeak,sirnetw_nRMSE_Peak,sirnetw_nRMSE_PostPeak,sirnetw_nRMSE_Decline,sirnetw_nRMSE_Late
1,Adair County,22606,1.096190593,0.6613372701,0.8324620818,0.5137979625,2.355286673,0.5423063612,0.8494706596,0.7424212518,0.469523429,0.4694156462,0.3282613863,0.5711686776
2,Alfalfa County,5797,0.5477225575,0.9924135316,0.6388198885,0.6120408926,4.145839831,1.782548779,2.988558871,0.9760538456,0.5979669291,0.8230415007,1.921847602,0.5304313797
3,Atoka County,15002,0.5756854911,0.3408121776,0.6507362915,0.7079881342,2.907092527,1.307182958,4.468623237,0.9756152972,0.4141089159,0.4696812353,0.6976105283,0.5048573858
4,Beaver County,5569,0.6007102744,2.031001557,0.6558251214,0.3312953849,4.796491556,1.53748549,2.273406975,0.4381423206,0.4371251446,0.2799891229,1.131279844,0.4034664946
5,Beckham County,22305,0.4198519513,0.461757663,0.7832710177,0.4890320472,2.462218394,2.781239308,1.030048773,0.6120960188,0.4411584943,0.3928971352,0.5143893562,0.5692019158
6,Blaine County,10377,0.3650974562,0.4379395576,1.383592498,2.026925391,2.819446933,0.999906806,0.8265552954,0.4642164542,0.2841089191,1.661588618,0.4185557866,0.4754877034
7,Bryan County,47088,0.470442591,0.4794849756,0.4603029636,1.07569599,1.76212143,0.5201445439,1.572392545,1.111238999,0.3122506059,0.343965118,0.3901704406,0.5971252247
8,Caddo County,30017,1.266810988,0.7639774251,1.017393171,1.675686218,2.9390024,1.417848265,0.6328144161,0.8545281452,0.5317366711,0.7372304783,0.6105348786,0.535180471
9,Canadian County,146251,0.6157928642,0.6055481874,0.4674884472,0.9900976096,0.2499184247,1.67255493,1.504715549,1.160092395,0.3015538558,0.430893316,0.6328415314,0.8536281745
10,Carter County,48999,0.7647275238,1.385337563,0.4623508133,1.211788271,3.114506852,0.5400930417,2.605887634,0.5471843953,0.3653656274,0.4242770222,0.3808356834,0.917499233
11,Cherokee County,49406,0.9570762977,0.4049255695,0.6973903587,1.779411185,2.45998185,0.5140196051,1.250906203,0.4729868643,0.4229008582,0.6866139408,0.3871596725,0.6287306579
12,Choctaw County,15269,0.9592717258,0.4908256681,0.6516660842,1.065177299,2.568111711,0.8709049122,1.461640001,0.6459260903,0.3584238973,0.6771628466,0.5894359154,0.4348396809
13,Cimarron County,2390,0.4668797905,0.7041467958,0.3979325228,0.6277408483,Inf,0.4134838541,0.375622406,0.3234259027,0.4351873971,0.5496141099,Inf,0.4358208446
14,Cleveland County,291203,0.3723577702,0.4316301829,0.8251093769,1.695464017,2.943913932,2.549447541,1.178913606,0.7472729398,0.4931613497,0.7634297531,0.6989957093,0.5546191761
15,Coal County,6203,0.4439405466,0.5814865824,0.6194981377,2.781654987,Inf,0.4754691541,1.177294978,0.4232856484,0.3679331243,1.967209248,Inf,0.3708380046
16,Comanche County,124106,0.380804053,0.8659012279,0.5403376608,0.7154287572,1.780252622,0.5327388252,2.753021951,0.5414830127,0.7598308123,0.192552914,0.4843663572,0.9879906168
17,Cotton County,6376,0.9771816158,0.7820940604,1.096212997,0.4714893899,0.3861872663,0.9511002496,4.030346949,0.441784731,0.3953461989,0.4930632393,0.3870857056,0.6195662089
18,Craig County,14836,0.6355384617,1.300117392,1.048663913,3.588029852,0.8414623641,0.4862015048,2.797744794,0.5351400681,0.6144608981,2.537356886,0.4734406213,0.6239943771
19,Creek County,74667,0.784239435,2.014242447,1.530893155,0.3938813355,1.788630409,1.328529788,1.605111258,0.8233706855,1.038309646,0.514598408,0.5444589768,0.8697487905
20,Custer County,29426,0.4325990016,0.3978903806,1.063241494,1.594295956,5.495007617,2.024297093,1.137401625,0.8369031608,0.8066192087,0.8862865899,1.379276721,0.3296214529
21,Delaware County,45961,0.3683132658,1.021969155,0.7433989204,1.26693942,1.330979452,0.4599305172,2.298816958,0.9153929894,0.3375379506,0.8570195005,0.5180914445,0.7319164365
22,Dewey County,4858,0.3520144719,0.3510071371,0.820091103,0.6783212401,1.428885926,2.12991295,0.9812095543,0.3517187995,0.5006502588,0.8695638369,0.5188054226,0.4401614318
23,Ellis County,4112,0.4137338301,0.4377043131,0.3029333664,1.848411847,0.6801997678,Inf,2.057608306,0.4047973267,0.472536502,2.213228736,0.4322298202,Inf
24,Garfield County,61816,0.8626061612,0.3514945803,0.5984395906,0.8093667612,2.097696183,2.112342928,0.4125731064,1.561009017,0.3854947837,0.4923228889,0.3009841976,0.4319278753
25,Garvin County,28231,0.5670542815,0.8506147307,0.5583688192,1.256339847,3.394374336,1.424904439,3.000862679,0.648805455,0.3234403414,0.9627192156,0.6966878318,0.4920567466
26,Grady County,57079,2.117572242,0.7394925732,0.4336338622,2.154969648,2.215213274,1.220881455,4.22781019,0.8263718052,0.6346977889,1.172307554,0.5552958232,0.368629644
27,Grant County,4815,1.13499759,0.7000170325,0.9228125394,0.4033706361,1.62354985,Inf,2.901674399,0.6012641874,0.5003640114,0.5146536028,0.4773125323,Inf
28,Greer County,6019,0.5179132542,0.5984426884,1.027836371,1.252988663,0.3916992477,0.763574676,1.817482611,0.3760269661,0.6553805375,0.5518681819,0.4648224365,0.9025421764
29,Harmon County,2853,0.5043024764,1.098723117,0.4910483843,0.7400154264,1.031755179,Inf,0.3743728433,0.63398242,0.4018139587,0.600547761,0.3877433433,Inf
30,Harper County,3600,0.6260990337,0.5121726037,0.4302671792,0.7020546796,Inf,1.122930828,1.083718522,0.4297982712,0.3717527139,0.9804685577,Inf,0.5740951043
31,Haskell County,12976,0.509988126,0.3927205193,1.012423926,0.8682079046,2.775658086,0.7614468493,0.2755591008,0.8564389699,0.491888873,0.880418613,0.6257776457,0.5075201351
32,Hughes County,13844,0.6206973159,0.8028732274,0.7508958683,2.21795571,0.5741226784,0.4264674034,0.4510925432,0.4741972925,1.104456737,1.539507994,0.2474597474,0.6173825518
33,Jackson County,25636,0.4775491314,1.227879569,0.479055849,0.5142226328,0.957258029,6.529622807,0.5439315039,1.034969893,0.7909996404,0.4935719387,0.4387165722,1.663369131
34,Jefferson County,6312,0.3859956972,1.316846309,1.001199224,2.501531573,0.499804833,0.7306579794,1.829601752,0.4927371513,0.50988066,2.590308724,0.3364833583,0.4240668946
35,Johnston County,11623,0.6334408907,0.5478639514,0.8520328635,0.6285944793,4.926742304,0.9911616539,2.564771689,0.5982062059,0.4145621006,0.5710903721,1.036124035,0.4206541043
36,Kay County,44927,0.4475251895,0.3922405857,2.01780672,2.74810972,3.408532915,4.704438563,4.25953198,0.4261740855,0.8931762452,1.943869354,0.2804208781,0.2831360072
37,Kingfisher County,15940,0.6250779776,1.098462368,1.526265964,0.5979007186,1.389717079,2.444024025,0.3663917905,1.212566322,0.4638047228,0.7152435776,0.263222118,0.4425464108
38,Kiowa County,9203,0.3712457263,0.67641938,0.5136543867,1.358127629,1.510573545,1.967823272,2.082739076,0.5616789631,0.5536259549,1.032174191,0.5111114172,0.4554101171
39,Latimer County,11092,0.5917378623,0.6916289909,1.989869106,1.137639725,4.930281977,1.079814745,0.7173897325,0.4428419806,0.2817738663,0.9433789272,1.258878814,0.3109648153
40,Le Flore County,52433,0.855422151,0.4290610817,0.8876695544,1.060605466,2.748231114,0.4610966265,0.5626382341,1.38435145,0.3049505336,0.4690530164,0.6813562826,0.8225270538
41,Lincoln County,36511,0.6101784025,0.9714172285,0.9407575722,0.9712447251,1.521266324,0.9719890319,0.989116638,0.7859845511,0.7936783625,0.7059747146,0.2185011334,0.5044201974
42,Logan County,47692,0.5293066671,0.495885053,0.6770805755,1.095680371,0.7744046875,1.065031049,7.128139333,0.5976000577,0.7494981429,0.5464964573,0.4075391333,0.3633790761
43,Love County,10557,0.4550837175,0.5103962773,0.6351306417,0.9359415325,0.726590195,0.4620370979,2.305951678,0.5258066372,0.3804647435,1.334541291,0.3182927929,0.5904850784
44,Major County,7812,0.5860534333,0.5753064258,0.6615841153,3.148746088,4.965799426,1.936181872,2.246819839,0.5523159461,0.4400322171,3.099397363,1.571194235,0.6222625931
45,Marshall County,17316,0.4474736392,0.9275494993,0.5189027788,3.641238068,4.743434942,1.22597635,0.9756523714,0.4337623265,0.3583936241,1.839604337,0.8709206943,0.4529806753
46,Mayes County,43357,0.415392079,0.4800769496,0.8627830506,1.735059187,1.906245789,1.289248526,2.491538702,0.6194640118,0.3822192869,1.075860128,0.5859403727,1.024898935
47,McClain County,42393,2.267182732,0.5005077234,0.7313574898,3.080578584,1.977812203,0.806629303,5.589344174,1.2348109,0.262337635,1.500157008,0.2407107943,0.5899235908
48,McCurtain County,33184,0.481043908,1.073903718,0.6857181579,0.7795383671,0.5928261383,0.3151750541,0.7056078734,0.6256147973,0.3295054858,0.5713643055,0.4555195585,0.6375793947
49,McIntosh County,20233,0.6337481253,0.7986955063,1.18109821,1.635001308,2.43503779,0.8217296854,2.532126558,0.5268607956,0.3230489853,0.732228112,0.5661143401,0.419844097
50,Murray County,14463,0.7181680497,1.019035302,0.8336656279,2.194113782,1.912739386,0.886645859,1.949402736,0.979665912,0.5467458372,1.179692156,0.3315676898,0.5638547203
51,Muskogee County,70573,0.8372197908,0.8471243208,1.794896372,1.231872758,4.12217734,1.015834295,2.532434887,0.871834872,0.7628945142,1.016276656,0.6930766498,0.6697229407
52,Noble County,11630,0.418126248,0.3574849709,1.439578066,0.3072034348,2.971800158,1.473577857,3.338771888,0.388209587,0.6366858768,0.5122046964,0.8939494744,0.483764746
53,Nowata County,10443,0.5410750389,0.4954202074,0.8111667702,0.6135838101,2.447536801,0.5651305214,2.69074039,0.4936301347,0.3016840347,0.4142888993,0.3440501567,0.5606625111
54,Okfuskee County,12466,0.8474199174,0.4801072924,1.119884393,0.9075197339,0.8495420753,0.6652445111,1.564722389,0.4615067187,0.5627927843,0.8024944798,0.4138641247,0.6316924995
55,Oklahoma County,800209,3.461922192,2.973628961,0.6482129171,0.9051939151,0.5144554127,0.328208806,1.354754924,1.169468815,0.6203923902,0.8433488332,0.7260423039,0.5591511571
56,Okmulgee County,38856,0.3690173839,0.8080946892,0.9633541885,2.372628595,0.3756144359,0.509643102,0.7735145445,0.6338240884,0.4619832543,1.359773197,0.4300965826,0.7849413656
57,Osage County,48489,0.4688006994,0.3907476202,1.048328669,1.026765643,0.8247249569,1.754091219,0.724664992,0.4222448491,0.4675554741,0.8953361965,0.4950811803,0.6511714085
58,Ottawa County,31406,0.3481382691,0.4048143091,1.133017097,0.8439982851,1.139694033,0.5217141316,0.9424052731,0.7250478865,0.4617493941,0.7878425679,0.5192851795,0.6078658167
59,Pawnee County,17291,0.6922672681,0.6135070651,2.081352053,0.835023864,2.512068151,3.149217708,1.758064056,0.3756439319,0.3687954433,0.855026342,0.1967160536,0.5755913073
60,Payne County,83287,0.8288756458,1.715463224,0.5488014052,2.444698392,2.472828818,2.272438139,3.397551594,0.4809449589,0.3394439547,1.476783541,0.9187548057,0.6279773854
61,Pittsburg County,45328,0.7742547271,0.590868407,1.605341859,2.065558051,2.119612962,1.58001186,0.3798584571,0.4706282732,0.3274632398,0.9752314111,0.3010686198,0.5457208191
62,Pontotoc County,39002,0.3646352694,0.8383811064,0.8694114752,0.793679224,1.209206323,2.865950662,2.186651033,0.8281639159,0.4005642986,0.5165446332,0.3408314585,0.5984088359
63,Pottawatomie County,73598,0.5023469179,1.282106178,0.9506205192,1.130666859,3.110780013,1.222812363,1.036700352,1.791357541,0.3559092288,0.4390926666,0.5075467926,0.4392974039
64,Pushmataha County,12139,0.3870279024,1.465140009,0.4984118116,1.874828393,3.024093475,0.5702171349,0.5379820978,0.8167820381,0.2992608793,1.111659205,1.03003805,0.3842825003
65,Roger Mills County,3797,0.714920353,0.3777210727,0.3974645802,4.767711047,0.8481478914,Inf,2.292872958,0.4574221376,0.4403854565,3.124644998,0.5293988121,Inf
66,Rogers County,96326,0.7401065225,2.445329201,1.008966932,1.64814231,2.14803236,1.332085593,1.536315723,1.457361524,0.3189383992,1.369101621,0.4055006997,1.229465162
67,Seminole County,25066,0.7096574964,1.246131477,0.6885224296,1.761769036,2.922793261,2.903094781,0.8803381115,1.062081174,0.317762025,1.109292466,0.4544202753,0.4379027316
68,Sequoyah County,43820,1.102553829,0.589574851,0.521814113,0.8262275517,3.055971776,0.5208504749,0.64097141,0.7824047859,0.3344439321,0.3553914412,0.1442905959,0.7963907352
69,Stephens County,44423,0.678160921,0.4838595653,1.957695765,1.432388123,1.292493478,1.121354257,4.572634243,0.5386124397,0.8210794894,0.7105259591,0.356629985,0.4603000733
70,Texas County,21122,1.376315819,1.91633732,1.336698147,0.8788484526,1.269339921,0.5737564215,1.464798127,1.179805418,0.5298141719,0.7012617816,0.56291276,0.3864496574
71,Tillman County,7769,0.6734501973,0.708257819,0.8086412504,1.149096307,7.109159166,1.891621019,1.262937074,0.4245441194,0.3872815329,0.9970365656,1.73738518,0.4464414292
72,Tulsa County,648914,0.3967670812,4.620930212,0.3578370898,0.8384672119,0.4964222869,0.9639821995,1.268861976,1.988600855,0.5575923298,0.4048866453,1.04365348,1.322819466
73,Wagoner County,84652,0.7084009645,1.501293518,0.9995018071,1.359345858,4.243047002,9.490236443,2.209599316,0.5253330419,0.3466433237,0.9948883661,0.7411910467,7.632119567
74,Washington County,51474,1.611367856,1.116822064,0.733271186,0.851211877,3.635486455,0.4887490655,3.305654055,0.5803515326,0.5810217175,0.278686423,0.2384817537,0.6700679848
75,Washita County,11472,0.3415670841,1.01897223,0.7344796918,4.758371054,2.069729158,4.336040443,5.354008998,0.801689922,0.4257433622,3.109221063,0.2726714674,0.7292918966
76,Woods County,8895,0.3893892302,0.4789845432,0.7926476769,1.219580693,1.597673773,0.3317823534,4.541944832,0.4277817213,0.532758797,2.258273625,0.8355509929,0.4427244043
77,Woodward County,20503,0.5196931858,1.026752231,0.5938150379,1.542610433,0.4834522767,1.217455384,2.038580961,0.521867412,0.3915430159,1.581110503,0.2323604982,0.4206409961