index_col,o_name,o_pop,netm_fcst_nRMSE_no_NO2_early,netm_fcst_nRMSE_no_NO2_PrePeak,netm_fcst_nRMSE_no_NO2_Peak,netm_fcst_nRMSE_no_NO2_PostPeak,netm_fcst_nRMSE_no_NO2_Decline,sirnetw_nRMSE_early,sirnetw_nRMSE_PrePeak,sirnetw_nRMSE_Peak,sirnetw_nRMSE_PostPeak,sirnetw_nRMSE_Decline
1,Adair County,22606,0.8904606245,0.7637081344,0.494764686,0.4795863035,0.3233821693,0.8494706596,0.7424212518,0.469523429,0.4694156462,0.3282613863
2,Alfalfa County,5797,2.945019677,1.014234121,0.5878665451,0.8438959815,1.88299416,2.988558871,0.9760538456,0.5979669291,0.8230415007,1.921847602
3,Atoka County,15002,4.035631499,1.002448598,0.4182626327,0.4748206888,0.6693198856,4.468623237,0.9756152972,0.4141089159,0.4696812353,0.6976105283
4,Beaver County,5569,2.633127471,0.5314049119,0.6838276543,0.2696966962,1.04088673,2.273406975,0.4381423206,0.4371251446,0.2799891229,1.131279844
5,Beckham County,22305,1.017828037,0.6182490065,0.3363364323,0.3967833229,0.4925273209,1.030048773,0.6120960188,0.4411584943,0.3928971352,0.5143893562
6,Blaine County,10377,0.7773829216,0.4770936326,0.3987640642,1.711046863,0.4043094922,0.8265552954,0.4642164542,0.2841089191,1.661588618,0.4185557866
7,Bryan County,47088,1.3223341,1.129278419,0.3901570145,0.3362016497,0.3784927684,1.572392545,1.111238999,0.3122506059,0.343965118,0.3901704406
8,Caddo County,30017,0.5580738924,0.8720537591,0.4894124232,0.756135536,0.5886758877,0.6328144161,0.8545281452,0.5317366711,0.7372304783,0.6105348786
9,Canadian County,146251,1.215591587,1.174785008,0.4005727209,0.4356966785,0.6407298576,1.504715549,1.160092395,0.3015538558,0.430893316,0.6328415314
10,Carter County,48999,2.256845629,0.5650093074,0.3891375557,0.4252550759,0.3988267746,2.605887634,0.5471843953,0.3653656274,0.4242770222,0.3808356834
11,Cherokee County,49406,1.203214596,0.5070469862,0.483594404,0.7083438239,0.3726253553,1.250906203,0.4729868643,0.4229008582,0.6866139408,0.3871596725
12,Choctaw County,15269,1.322934794,0.6621003496,0.3866862008,0.6724485583,0.56575973,1.461640001,0.6459260903,0.3584238973,0.6771628466,0.5894359154
13,Cimarron County,2390,0.4327229358,0.355802575,0.5963780852,0.5404017332,NaN,0.375622406,0.3234259027,0.4351873971,0.5496141099,NaN
14,Cleveland County,291203,0.9102266105,0.7635477855,0.3672844685,0.7671954873,0.7239576439,1.178913606,0.7472729398,0.4931613497,0.7634297531,0.6989957093
15,Coal County,6203,1.052053374,0.4248763682,0.3985416018,1.980187479,NaN,1.177294978,0.4232856484,0.3679331243,1.967209248,NaN
16,Comanche County,124106,2.538905006,0.5659395667,0.8722036677,0.1904536041,0.5021295421,2.753021951,0.5414830127,0.7598308123,0.192552914,0.4843663572
17,Cotton County,6376,3.769402541,0.4463648408,0.3627449475,0.4919570542,0.3893138369,4.030346949,0.441784731,0.3953461989,0.4930632393,0.3870857056
18,Craig County,14836,2.731308538,0.548067732,0.6549996021,2.605693856,0.4788217199,2.797744794,0.5351400681,0.6144608981,2.537356886,0.4734406213
19,Creek County,74667,1.422675573,0.8931150874,0.6843976455,0.5235274727,0.5550859796,1.605111258,0.8233706855,1.038309646,0.514598408,0.5444589768
20,Custer County,29426,1.064306057,0.8544697122,0.7642445839,0.9197486615,1.343814183,1.137401625,0.8369031608,0.8066192087,0.8862865899,1.379276721
21,Delaware County,45961,2.28779791,0.9383786645,0.3832397353,0.8890010261,0.5292016416,2.298816958,0.9153929894,0.3375379506,0.8570195005,0.5180914445
22,Dewey County,4858,0.9775630195,0.3515146211,0.4382225512,0.9025336828,0.513862406,0.9812095543,0.3517187995,0.5006502588,0.8695638369,0.5188054226
23,Ellis County,4112,2.120806784,0.3875299581,0.5073350621,2.303579136,0.4260989103,2.057608306,0.4047973267,0.472536502,2.213228736,0.4322298202
24,Garfield County,61816,0.3621214819,1.598565002,0.3696898935,0.4984945551,0.28572739,0.4125731064,1.561009017,0.3854947837,0.4923228889,0.3009841976
25,Garvin County,28231,2.503443058,0.6559964577,0.378163263,0.966647012,0.6781050995,3.000862679,0.648805455,0.3234403414,0.9627192156,0.6966878318
26,Grady County,57079,3.533678729,0.8434948964,0.5148509946,1.182428991,0.5429630464,4.22781019,0.8263718052,0.6346977889,1.172307554,0.5552958232
27,Grant County,4815,2.811320755,0.6109895417,0.4790342037,0.5262098921,0.4643652503,2.901674399,0.6012641874,0.5003640114,0.5146536028,0.4773125323
28,Greer County,6019,1.783714609,0.382089551,0.7228037718,0.5639248142,0.4557229821,1.817482611,0.3760269661,0.6553805375,0.5518681819,0.4648224365
29,Harmon County,2853,0.373115288,0.6568251671,0.3921448538,0.6109270206,0.3863969895,0.3743728433,0.63398242,0.4018139587,0.600547761,0.3877433433
30,Harper County,3600,1.153026267,0.4375801496,0.3554714168,1.017790942,NaN,1.083718522,0.4297982712,0.3717527139,0.9804685577,NaN
31,Haskell County,12976,0.2659015076,0.8968857475,0.5480886385,0.896013587,0.5966990414,0.2755591008,0.8564389699,0.491888873,0.880418613,0.6257776457
32,Hughes County,13844,0.4442412473,0.4820445605,0.934852527,1.567923791,0.2428274965,0.4510925432,0.4741972925,1.104456737,1.539507994,0.2474597474
33,Jackson County,25636,0.5344120239,1.059367947,0.9178813506,0.4984658643,0.4310214399,0.5439315039,1.034969893,0.7909996404,0.4935719387,0.4387165722
34,Jefferson County,6312,1.674785733,0.5125506216,0.5359488271,2.617424112,0.3385036123,1.829601752,0.4927371513,0.50988066,2.590308724,0.3364833583
35,Johnston County,11623,2.209835575,0.6088649506,0.4689531715,0.5687784652,0.9898502277,2.564771689,0.5982062059,0.4145621006,0.5710903721,1.036124035
36,Kay County,44927,4.243405333,0.4560802883,0.8988805253,2.016729556,0.2649692559,4.25953198,0.4261740855,0.8931762452,1.943869354,0.2804208781
37,Kingfisher County,15940,0.2935359768,1.23116761,0.5837790949,0.7260377564,0.2554294269,0.3663917905,1.212566322,0.4638047228,0.7152435776,0.263222118
38,Kiowa County,9203,2.009409417,0.5746693695,0.6229815551,1.053630971,0.5040442659,2.082739076,0.5616789631,0.5536259549,1.032174191,0.5111114172
39,Latimer County,11092,0.7028510572,0.4528609238,0.4234944045,0.9618308902,1.219153015,0.7173897325,0.4428419806,0.2817738663,0.9433789272,1.258878814
40,Le Flore County,52433,0.5961190789,1.439266854,0.3532331337,0.4738163902,0.6445582676,0.5626382341,1.38435145,0.3049505336,0.4690530164,0.6813562826
41,Lincoln County,36511,0.8288790426,0.8040001015,0.5655269905,0.7157824591,0.214942097,0.989116638,0.7859845511,0.7936783625,0.7059747146,0.2185011334
42,Logan County,47692,5.859351487,0.6103949509,0.535653736,0.5495173357,0.4155649533,7.128139333,0.5976000577,0.7494981429,0.5464964573,0.4075391333
43,Love County,10557,2.017525621,0.5351097223,0.4147082003,1.337607521,0.3203306267,2.305951678,0.5258066372,0.3804647435,1.334541291,0.3182927929
44,Major County,7812,2.158946329,0.5629329623,0.4291390394,3.175985626,1.524826582,2.246819839,0.5523159461,0.4400322171,3.099397363,1.571194235
45,Marshall County,17316,0.8434645336,0.4409644197,0.3915978727,1.827138176,0.8362467262,0.9756523714,0.4337623265,0.3583936241,1.839604337,0.8709206943
46,Mayes County,43357,2.353998494,0.6378154381,0.3363803603,1.10582958,0.5907076637,2.491538702,0.6194640118,0.3822192869,1.075860128,0.5859403727
47,McClain County,42393,4.301688308,1.252332247,0.4193666104,1.508408996,0.2566391995,5.589344174,1.2348109,0.262337635,1.500157008,0.2407107943
48,McCurtain County,33184,0.6479716132,0.6420749247,0.4255290967,0.5655071188,0.4559340879,0.7056078734,0.6256147973,0.3295054858,0.5713643055,0.4555195585
49,McIntosh County,20233,2.309678613,0.537132749,0.3605180901,0.7470102454,0.557661915,2.532126558,0.5268607956,0.3230489853,0.732228112,0.5661143401
50,Murray County,14463,1.656660461,0.9955508615,0.6162524994,1.185588958,0.3287861272,1.949402736,0.979665912,0.5467458372,1.179692156,0.3315676898
51,Muskogee County,70573,2.388527218,0.9109360756,0.8536164022,1.042217689,0.6737842957,2.532434887,0.871834872,0.7628945142,1.016276656,0.6930766498
52,Noble County,11630,3.112447091,0.3809007708,0.6458028385,0.5259490536,0.8684382036,3.338771888,0.388209587,0.6366858768,0.5122046964,0.8939494744
53,Nowata County,10443,2.562874665,0.4998696357,0.380058543,0.4277824676,0.3385760216,2.69074039,0.4936301347,0.3016840347,0.4142888993,0.3440501567
54,Okfuskee County,12466,1.383570401,0.4622707601,0.6550630858,0.8171447117,0.4126732996,1.564722389,0.4615067187,0.5627927843,0.8024944798,0.4138641247
55,Oklahoma County,800209,0.9857394432,1.201501814,0.4295139832,0.8466408578,0.7477673598,1.354754924,1.169468815,0.6203923902,0.8433488332,0.7260423039
56,Okmulgee County,38856,0.7071162574,0.6416392479,0.3594784385,1.389627997,0.4323381413,0.7735145445,0.6338240884,0.4619832543,1.359773197,0.4300965826
57,Osage County,48489,0.6612455869,0.4257956951,0.3624229114,0.9138718791,0.5006249201,0.724664992,0.4222448491,0.4675554741,0.8953361965,0.4950811803
58,Ottawa County,31406,0.963231784,0.7393422554,0.4805939319,0.8142325203,0.5314955558,0.9424052731,0.7250478865,0.4617493941,0.7878425679,0.5192851795
59,Pawnee County,17291,1.557549036,0.3718444462,0.5507557488,0.8750262534,0.1927928093,1.758064056,0.3756439319,0.3687954433,0.855026342,0.1967160536
60,Payne County,83287,3.052954107,0.5012324867,0.3613733081,1.515091371,0.8998132801,3.397551594,0.4809449589,0.3394439547,1.476783541,0.9187548057
61,Pittsburg County,45328,0.3558547296,0.4857245346,0.4830394092,0.9972466214,0.2955569935,0.3798584571,0.4706282732,0.3274632398,0.9752314111,0.3010686198
62,Pontotoc County,39002,1.915733021,0.8429138405,0.4866442742,0.5215680461,0.3475828919,2.186651033,0.8281639159,0.4005642986,0.5165446332,0.3408314585
63,Pottawatomie County,73598,0.8099983855,1.817074616,0.4152066709,0.4440514542,0.5037022276,1.036700352,1.791357541,0.3559092288,0.4390926666,0.5075467926
64,Pushmataha County,12139,0.5183332589,0.843503364,0.3321788598,1.112125866,0.9901548455,0.5379820978,0.8167820381,0.2992608793,1.111659205,1.03003805
65,Roger Mills County,3797,2.270891966,0.4662061111,0.4612923567,3.233458003,0.5239774417,2.292872958,0.4574221376,0.4403854565,3.124644998,0.5293988121
66,Rogers County,96326,1.357586434,1.528187003,0.3999857118,1.392051097,0.4189856611,1.536315723,1.457361524,0.3189383992,1.369101621,0.4055006997
67,Seminole County,25066,0.7393868975,1.074930053,0.3526684142,1.123737758,0.4436616551,0.8803381115,1.062081174,0.317762025,1.109292466,0.4544202753
68,Sequoyah County,43820,0.6622650882,0.8232787508,0.3734086917,0.3593570278,0.144891025,0.64097141,0.7824047859,0.3344439321,0.3553914412,0.1442905959
69,Stephens County,44423,4.14254612,0.5519063442,0.8872527996,0.7152833186,0.3610811877,4.572634243,0.5386124397,0.8210794894,0.7105259591,0.356629985
70,Texas County,21122,2.076415456,1.241481676,0.4676715412,0.7323410828,0.5684575355,1.464798127,1.179805418,0.5298141719,0.7012617816,0.56291276
71,Tillman County,7769,1.200797404,0.4563939654,0.3421533461,1.005987059,1.65354981,1.262937074,0.4245441194,0.3872815329,0.9970365656,1.73738518
72,Tulsa County,648914,1.098170287,2.037956569,0.359227392,0.4096187891,1.066097719,1.268861976,1.988600855,0.5575923298,0.4048866453,1.04365348
73,Wagoner County,84652,1.940301887,0.5418238081,0.3120104194,1.009153127,0.7552646146,2.209599316,0.5253330419,0.3466433237,0.9948883661,0.7411910467
74,Washington County,51474,3.146015127,0.6019634034,0.4647581641,0.2840912043,0.2295086069,3.305654055,0.5803515326,0.5810217175,0.278686423,0.2384817537
75,Washita County,11472,5.234364477,0.8426787902,0.3953693654,3.206423649,0.2569285833,5.354008998,0.801689922,0.4257433622,3.109221063,0.2726714674
76,Woods County,8895,4.573890797,0.4363128591,0.5093105377,2.332097499,0.8158899145,4.541944832,0.4277817213,0.532758797,2.258273625,0.8355509929
77,Woodward County,20503,2.084456389,0.5366158309,0.3805520279,1.655011111,0.2296633396,2.038580961,0.521867412,0.3915430159,1.581110503,0.2323604982