CountyName,Mean_NO2
Adair,2.99955970762243
Alfalfa,2.76731831894347
Atoka,3.0999492658316
Beaver,2.44493223834359
Beckham,2.69538948487871
Blaine,2.89781994654087
Bryan,3.32127994792272
Caddo,2.89559790009636
Canadian,3.21224000912547
Carter,3.22216109852912
Cherokee,3.02834534681352
Choctaw,3.23349789854095
Cimarron,2.22029591792481
Cleveland,3.51087951832695
Coal,3.18723140099167
Comanche,3.06042888188804
Cotton,2.98592919448116
Craig,3.12926026711223
Creek,3.16778268417639
Custer,2.73954051217374
Delaware,3.01931270453378
Dewey,2.72275782474781
Ellis,2.59304950217877
Garfield,3.06131970601063
Garvin,3.45810002434223
Grady,3.2941171493766
Grant,2.87463268396299
Greer,2.79593305357472
Harmon,2.71637469681297
Harper,2.60004035015471
Haskell,3.04899894618296
Hughes,3.15751459979099
Jackson,2.91775469109164
Jefferson,2.90852070983529
Johnston,3.27309040611402
Kay,2.90446106165548
Kingfisher,3.1995406988206
Kiowa,2.79822419421753
Latimer,2.93161722897885
Le Flore,2.94348026233575
Lincoln,3.17044940455165
Logan,3.30682780408035
Love,3.31406243063107
Major,2.8153231682159
Marshall,3.44044940607692
Mayes,3.16109485178742
McClain,3.50318741758984
McCurtain,3.09085352041649
McIntosh,3.26847340113805
Murray,3.35342856779621
Muskogee,3.09460722054136
Noble,2.98919395326354
Nowata,3.08601642386071
Okfuskee,3.10446842718197
Oklahoma,3.6019114846735
Okmulgee,3.04307934721136
Osage,2.94909204181242
Ottawa,3.04936517225413
Pawnee,2.99095555073477
Payne,3.1292088135147
Pittsburg,3.10374904095729
Pontotoc,3.22933693124804
Pottawatomie,3.36813711287639
Pushmataha,3.06595963345002
Roger Mills,2.64139319016288
Rogers,3.31937518594898
Seminole,3.27165312520203
Sequoyah,2.98596539355521
Stephens,3.0828601073803
Texas,2.40459482757871
Tillman,2.93813354652508
Tulsa,3.59352614641415
Wagoner,3.21927810823872
Washington,3.12228726088461
Washita,2.78662916058837
Woods,2.7398293996488
Woodward,2.59512410317246
