index_col,o_name,o_pop
1,Adair County,22606
2,Alfalfa County,5797
3,Atoka County,15002
4,Beaver County,5569
5,Beckham County,22305
6,Blaine County,10377
7,Bryan County,47088
8,Caddo County,30017
9,Canadian County,146251
10,Carter County,48999
11,Cherokee County,49406
12,Choctaw County,15269
13,Cimarron County,2390
14,Cleveland County,291203
15,Coal County,6203
16,Comanche County,124106
17,Cotton County,6376
18,Craig County,14836
19,Creek County,74667
20,Custer County,29426
21,Delaware County,45961
22,Dewey County,4858
23,Ellis County,4112
24,Garfield County,61816
25,Garvin County,28231
26,Grady County,57079
27,Grant County,4815
28,Greer County,6019
29,Harmon County,2853
30,Harper County,3600
31,Haskell County,12976
32,Hughes County,13844
33,Jackson County,25636
34,Jefferson County,6312
35,Johnston County,11623
36,Kay County,44927
37,Kingfisher County,15940
38,Kiowa County,9203
39,Latimer County,11092
40,Le Flore County,52433
41,Lincoln County,36511
42,Logan County,47692
43,Love County,10557
44,Major County,7812
45,Marshall County,17316
46,Mayes County,43357
47,McClain County,42393
48,McCurtain County,33184
49,McIntosh County,20233
50,Murray County,14463
51,Muskogee County,70573
52,Noble County,11630
53,Nowata County,10443
54,Okfuskee County,12466
55,Oklahoma County,800209
56,Okmulgee County,38856
57,Osage County,48489
58,Ottawa County,31406
59,Pawnee County,17291
60,Payne County,83287
61,Pittsburg County,45328
62,Pontotoc County,39002
63,Pottawatomie County,73598
64,Pushmataha County,12139
65,Roger Mills County,3797
66,Rogers County,96326
67,Seminole County,25066
68,Sequoyah County,43820
69,Stephens County,44423
70,Texas County,21122
71,Tillman County,7769
72,Tulsa County,648914
73,Wagoner County,84652
74,Washington County,51474
75,Washita County,11472
76,Woods County,8895
77,Woodward County,20503
