index_col,o_pop
1,22606
2,5797
3,15002
4,5569
5,22305
6,10377
7,47088
8,30017
9,146251
10,48999
11,49406
12,15269
13,2390
14,291203
15,6203
16,124106
17,6376
18,14836
19,74667
20,29426
21,45961
22,4858
23,4112
24,61816
25,28231
26,57079
27,4815
28,6019
29,2853
30,3600
31,12976
32,13844
33,25636
34,6312
35,11623
36,44927
37,15940
38,9203
39,11092
40,52433
41,36511
42,47692
43,10557
44,7812
45,17316
46,43357
47,42393
48,33184
49,20233
50,14463
51,70573
52,11630
53,10443
54,12466
55,800209
56,38856
57,48489
58,31406
59,17291
60,83287
61,45328
62,39002
63,73598
64,12139
65,3797
66,96326
67,25066
68,43820
69,44423
70,21122
71,7769
72,648914
73,84652
74,51474
75,11472
76,8895
77,20503
